Competitior Name,Country of Origin,Age,Composite
Andrey Gugnin.,Russia,29,Beethoven Fantasia in G Minor Op.77
Andrey Gugnin.,Russia,29,Zaderatsky Prelude and Fugue in D Major from '24 Preludes and Fugues'
Andrey Gugnin.,Russia,29,Harvey 48 Fugues for Frank Zappa No.6: G-Spot Tornado (2009)
Andrey Gugnin.,Russia,29,Sibelius Impromptu in B Minor Op.5 No.5
Andrey Gugnin.,Russia,29,Ravel Une Barque sur l'Ocean from Miroirs
Andrey Gugnin.,Russia,29,Mily Balakirev Islamey
Jon Nakamatsu,United States,28,Brahms Sonata in C Major Op.1
Jon Nakamatsu,United States,28,Stravinsky Four Etudes Op.7
Jon Nakamatsu,United States,28,Chopin Andante Spianato and Grande Polonaise Brillante in E-flat Major Op.22
Simone Pedroni,Italy,24,Bach English Suite No.6 in D Minor BWV 811
Simone Pedroni,Italy,24,Wagner-Liszt Isolde's Liebestod
Simone Pedroni,Italy,24,"Hindemith Suite ""1922"" Op.26"
JosE Feghali,Brazil,24,Bach English Suite No.2 in A Minor BWV 807
JosE Feghali,Brazil,24,Haydn Sonata in E-flat Major Hob.XVI:52
JosE Feghali,Brazil,24,Chopin Scherzo No.1 in B Minor Op.20
JosE Feghali,Brazil,24,Chopin Etude in C Major Op.10 No.1
JosE Feghali,Brazil,24,Liszt Paganini Etude No.6 in A Minor
JosE Feghali,Brazil,24,Mozart Sonata in D Major K.311
JosE Feghali,Brazil,24,"Beethoven Sonata in F Minor Op.57 ""Appassionata"""
JosE Feghali,Brazil,24,Chopin Fantasy in F Minor Op.49
JosE Feghali,Brazil,24,Berg Sonata Op.1
Alexander Kobrin,Russia,25,Haydn Sonata in E-flat Major Hob.XVI:52
Alexander Kobrin,Russia,25,Chopin Nocturne in B Major Op.9 No.3
Alexander Kobrin,Russia,25,Brahms Variations on a Theme of Paganini Books I and II
Nobuyuki Tsujii,Japan,20,Chopin Twelve Etudes Op.10
Nobuyuki Tsujii,Japan,20,Debussy Images Book I
Nobuyuki Tsujii,Japan,20,Liszt La Campanella
Haochen Zhang,China,19,Beethoven Sonata in A-flat Major Op.110
Haochen Zhang,China,19,Chopin Polonaise-Fantasy in A-flat Major Op.61
Haochen Zhang,China,19,Stravinsky Trois Mouvements de Pétrouchka
Yekwon Sunwoo,South Korea,28,Haydn Sonata in C Major Hob.XVI:48
Yekwon Sunwoo,South Korea,28,"Hamelin Toccata on ""L'homme armé"""
Yekwon Sunwoo,South Korea,28,Schubert-Liszt Litanei auf das Fest Aller Seelen
Yekwon Sunwoo,South Korea,28,Rachmaninoff Sonata No.2 in B-flat Minor Op.36
Vadym Kholodenko,Ukraine,26,Adams China Gates
Vadym Kholodenko,Ukraine,26,rachmaninoff Sonata No.1 in D Minor Op.28
Vadym Kholodenko,Ukraine,26,Bach-Siloti Prelude in B Minor
Vadym Kholodenko,Ukraine,26,Beethoven Sonata in E Major Op.109
Vadym Kholodenko,Ukraine,26,Stravinsky Trois Mouvements de Pétrouchka
Stanislav Ioudenitch,Uzbekistan,29,Rachmaninoff Sonata No.2 in B-flat Minor Op.36
Stanislav Ioudenitch,Uzbekistan,29,Bach Partita No.2 in C Minor BWV 826
Stanislav Ioudenitch,Uzbekistan,29,Liszt Paganini Etude No.2 in E-flat Major
Stanislav Ioudenitch,Uzbekistan,29,Liszt Hungarian Rhapsody No.6
Olga Kern,Russia,26,Rachmaninoff Sonata No.2 in B-flat Minor Op.36
Olga Kern,Russia,26,Shostakovich Prelude and Fugue in B-flat Major Op.87 No.21
Olga Kern,Russia,26,Wagner-Liszt Isolde's Liebestod
Olga Kern,Russia,26,Liszt Réminiscences de Don Juan
Yunchan Lim,South Korea,18,Hough Fanfare Toccata
Yunchan Lim,South Korea,18,"Couperin ""La Couperin"" from Pièces de clavecin Book IV Order 21"
Yunchan Lim,South Korea,18,Mozart Sonata No.9 in D Major K.311
Yunchan Lim,South Korea,18,"Chopin Variations on ""La ci darem la mano"" Op.2"
Yekwon Sunwoo,South Korea,28,Schubert Sonata in C Minor D.958
Yekwon Sunwoo,South Korea,28,Ravel La Valse
Yunchan Lim,South Korea,18,"Bach ""Ricercar a 3"" from The Musical Offering BWV 1079"
Yunchan Lim,South Korea,18,"Scriabin Sonata No.2 in G-sharp Minor Op.19 (""Sonata-Fantasy"")"
Yunchan Lim,South Korea,18,"Beethoven Variations and Fugue in E-flat Major Op.35 (""Eroica"")"
JosE Feghali,Brazil,24,Schumann Carnaval Op.9
JosE Feghali,Brazil,24,Corigliano Fantasia on an Ostinato
JosE Feghali,Brazil,24,Prokofiev Sonata No.7 in B-flat Major Op.83
Andrey Gugnin.,Russia,29,Nikolai Medtner Sonata Op.53 No.1 'Romantica'
Andrey Gugnin.,Russia,29,Scriabin Three Pieces Op.45
Andrey Gugnin.,Russia,29,Chopin Twelve Etudes Op.25
Andrey Gugnin.,Russia,29,Mozart Piano Concerto No.9 in E-flat Major K.271
Yekwon Sunwoo,South Korea,28,Mozart Piano Concerto No.21 in C Major K.467
Yunchan Lim,South Korea,18,Mozart Piano Concerto No.22 in E-flat Major K.482
Jon Nakamatsu,United States,28,"Franck-Bauer Prelude, Fugue and Variation Op.18"
Jon Nakamatsu,United States,28,Bolcom Nine Bagatelles
Jon Nakamatsu,United States,28,Beethoven Sonata in E Major Op.109
Jon Nakamatsu,United States,28,Schumann Carnaval Op.9
Stanislav Ioudenitch,Uzbekistan,29,Prokofiev Sarcasms Op.17
Stanislav Ioudenitch,Uzbekistan,29,Liszt Spanish Rhapsody
Stanislav Ioudenitch,Uzbekistan,29,Schubert Moments Musicaux D.780
Stanislav Ioudenitch,Uzbekistan,29,Judith Lang Zaimont Impronta Digitale
Stanislav Ioudenitch,Uzbekistan,29,Stravinsky Trois Mouvements de Pétrouchka
Olga Kern,Russia,26,Schubert Impromptu in F Minor Op.142 No.1
Olga Kern,Russia,26,Schubert Impromptu in B-flat Major Op.142 No.3
Olga Kern,Russia,26,Brahms Variations on a Theme of Paganini Books I and II
Olga Kern,Russia,26,Judith Lang Zaimont Impronta Digitale
Olga Kern,Russia,26,"Scriabin Sonata No.9 Op.68 ""Black Mass"""
Olga Kern,Russia,26,Barber Sonata Op.26
Alexander Kobrin,Russia,25,Ruth Schonthal Sonata quasi un'improvvisazione
Alexander Kobrin,Russia,25,Schumann Symphonic Etudes Op.13
Alexander Kobrin,Russia,25,Rachmaninoff Etudes-Tableaux Op.33
Nobuyuki Tsujii,Japan,20,"Beethoven Sonata in B-flat Major Op.106 ""Hammerklavier"""
Nobuyuki Tsujii,Japan,20,Musto Improvisation & Fugue
Haochen Zhang,China,19,Chopin Twenty-four Preludes Op.28
Haochen Zhang,China,19,Bates White Lies for Lomax
Haochen Zhang,China,19,Liszt Spanish Rhapsody
Vadym Kholodenko,Ukraine,26,Theofanidis Birichino
Vadym Kholodenko,Ukraine,26,Liszt Transcendental Etudes
Yekwon Sunwoo,South Korea,28,Beethoven Sonata in E Major Op.109
Yekwon Sunwoo,South Korea,28,"Strauss-Grainger ""Ramble on the Last Love-duet"" from Der Rosenkavalier"
Yekwon Sunwoo,South Korea,28,Prokofiev Sonata No.6 in A Major Op.82
Simone Pedroni,Italy,24,Haydn Sonata in C Major Hob.XVI:50
Simone Pedroni,Italy,24,Rachmaninoff Sonata No.2 in B-flat Minor Op.36
Simone Pedroni,Italy,24,Gould Ghost Waltzes for Piano
Simone Pedroni,Italy,24,Mussorgsky Pictures at an Exhibition
Yunchan Lim,South Korea,18,Liszt Transcendental Etudes
Valery Kuleshov,Russia,30,Bach-Busoni Chaconne in D Minor
Valery Kuleshov,Russia,30,Brahms Intermezzo in B-flat Minor Op.117 No.2
Valery Kuleshov,Russia,30,Liszt Six Paganini Etudes
Philippe Bianconi,France,25,Bach Toccata in C Minor BWV 911
Philippe Bianconi,France,25,Haydn Sonata in C Major Hob.XVI:50
Philippe Bianconi,France,25,Chopin Ballade No.1 in G Minor Op.23
Philippe Bianconi,France,25,Chopin Etude in A Minor Op.25 No.11
Philippe Bianconi,France,25,Debussy Etude Pour les notes répétées
JosE Carlos Cocarelli,Brazil,30,Bach Toccata in G Minor BWV 915
JosE Carlos Cocarelli,Brazil,30,Beethoven Sonata in B-flat Major Op.22
JosE Carlos Cocarelli,Brazil,30,Chopin Ballade No.4 in F Minor Op.52
JosE Carlos Cocarelli,Brazil,30,Chopin Etude in A Minor Op.25 No.11
JosE Carlos Cocarelli,Brazil,30,Schumann Toccata in C Major Op.7
Philippe Bianconi,France,25,Mozart Sonata in C Minor K.457
Philippe Bianconi,France,25,Beethoven Sonata in C Minor Op.111
Philippe Bianconi,France,25,Liszt Mephisto Waltz No.1
JosE Carlos Cocarelli,Brazil,30,Mozart Sonata in D Major K.576
JosE Carlos Cocarelli,Brazil,30,Brahms Variations on a Theme by Schumann Op.9
JosE Carlos Cocarelli,Brazil,30,Barber Sonata Op.26
Yeol Eum Son,South Korea,23,Haydn Sonata in C Major Hob.XVI:48
Yeol Eum Son,South Korea,23,Schumann Fantasiestücke Op.12
Yeol Eum Son,South Korea,23,Liszt Spanish Rhapsody
Kenneth Broberg,United States,23,"Franck-Bauer Prelude, Fugue and Variation Op.18"
Kenneth Broberg,United States,23,"Hamelin Toccata on ""L'homme armé"""
Kenneth Broberg,United States,23,Bach Toccata in C Minor BWV 911
Kenneth Broberg,United States,23,Barber Sonata Op.26
Sean Chen,United States,24,Bach French Suite No.5 in G Major BWV 816
Sean Chen,United States,24,Bartók Three Etudes Op.18
Sean Chen,United States,24,Chopin Three Mazurkas Op.59
Sean Chen,United States,24,Scriabin Sonata No.5 in F-sharp Major Op.53
Beatrice Rana,Italy,20,Clementi Sonata in B Minor Op.40 No.2
Beatrice Rana,Italy,20,Schumann Symphonic Etudes Op.13
Sean Chen,United States,24,"Beethoven Sonata in B-flat Major Op.106 ""Hammerklavier"""
Beatrice Rana,Italy,20,"Schumann Variations on the Name ""Abegg"" Op.1"
Beatrice Rana,Italy,20,Ravel Gaspard de la Nuit
Beatrice Rana,Italy,20,Bartók Out of Doors
Yakov Kasman,Russia,30,Rachmaninoff Sonata No.1 in D Minor Op.28
Yakov Kasman,Russia,30,Medtner Fairy Tale Op.26 No.3
Yakov Kasman,Russia,30,Stravinsky Trois Mouvements de Pétrouchka
Antonio Pompa-Baldi,Italy,26,Mozart Sonata in F Major K.332
Antonio Pompa-Baldi,Italy,26,Chopin Sonata No.2 in B-flat Minor Op.35
Antonio Pompa-Baldi,Italy,26,Scriabin Sonata No.4 in F-sharp Major Op.30
Antonio Pompa-Baldi,Italy,26,Prokofiev Etude in D Minor Op.2 No.1
Maxim Philippov,Russia,29,Schumann Fantasiestücke Op.12
Maxim Philippov,Russia,29,Prokofiev Sonata No.6 in A Major Op.82
Joyce Yang,South Korea,19,Bach French Overture BWV 831
Joyce Yang,South Korea,19,Chopin Andante Spianato and Grande Polonaise Brillante in E-flat Major Op.22
Joyce Yang,South Korea,19,Liszt Réminiscences de Don Juan
Anna Geniushene,Russia,31,Haydn Sonata in D Major Hob.XVI:42
Anna Geniushene,Russia,31,Hough Fanfare Toccata
Anna Geniushene,Russia,31,rachmaninoff Etudes-Tableaux Op.33
Anna Geniushene,Russia,31,Brahms Four Ballades Op.10
Anna Geniushene,Russia,31,Bartok Sonata Sz. 80
Kenneth Broberg,United States,23,Scriabin Sonata No.4 in F-sharp Major Op.30
Kenneth Broberg,United States,23,Chopin Mazurka Op.59 No.1 in A Minor
Kenneth Broberg,United States,23,Chopin Mazurka Op.59 No.2 in A-flat Major
Kenneth Broberg,United States,23,Chopin Mazurka Op.59 No.3 in F-sharp Minor
Kenneth Broberg,United States,23,Chopin Ballade No.4 in F Minor Op.52
Kenneth Broberg,United States,23,Liszt Après une lecture de Dante (Fantasia quasi Sonata)
Kenneth Broberg,United States,23,Mozart Piano Concerto No.25 in C Major K.503
Anna Geniushene,Russia,31,Mozart Piano Concerto No.25 in C Major K.503
Yakov Kasman,Russia,30,Schumann Allegro in B Minor Op.8
Yakov Kasman,Russia,30,Ravel La Valse
Yakov Kasman,Russia,30,Bolcom Nine Bagatelles
Yakov Kasman,Russia,30,Haydn Sonata in G Major Hob.XVI:40
Yakov Kasman,Russia,30,Prokofiev Sonata No.8 in B-flat Major Op.84
Antonio Pompa-Baldi,Italy,26,Debussy Suite Bergamasque
Antonio Pompa-Baldi,Italy,26,Lowell Liebermann Three Impromptus
Antonio Pompa-Baldi,Italy,26,Rachmaninoff Sonata No.2 in B-flat Minor Op.36
Antonio Pompa-Baldi,Italy,26,Poulenc Caprice Italien from Napoli
Antonio Pompa-Baldi,Italy,26,Brahms Variations on a Theme of Paganini Books I and II
Maxim Philippov,Russia,29,Haydn Sonata in A Major Hob.XVI:5
Maxim Philippov,Russia,29,Ravel Oiseaux tristes from Miroirs
Maxim Philippov,Russia,29,Ravel Alborada del gracioso from Miroirs
Maxim Philippov,Russia,29,Lowell Liebermann Three Impromptus
Maxim Philippov,Russia,29,Rachmaninoff 13 Preludes Op.32
Joyce Yang,South Korea,19,Scarlatti Sonata in D Major K.492
Joyce Yang,South Korea,19,Scarlatti Sonata in D Minor K.141
Joyce Yang,South Korea,19,Sebastian Currier Scarlatti Cadences + Brainstorm
Joyce Yang,South Korea,19,Beethoven Sonata in E-flat Major Op.31 No.3
Joyce Yang,South Korea,19,Liszt Hungarian Rhapsody No.6
Joyce Yang,South Korea,19,Vine Sonata No.1
Yeol Eum Son,South Korea,23,Debussy Le vent dans la plaine from Preludes Book I
Yeol Eum Son,South Korea,23,Debussy Les sons et les parfums tournent dans l'air du soir from Preludes Book I
Yeol Eum Son,South Korea,23,Debussy Les Collines d'Anacapri from Preludes Book I
Yeol Eum Son,South Korea,23,Debussy Des pas sur la neige from Preludes Book I
Yeol Eum Son,South Korea,23,Debussy Ce qu'a vu le vent d'Ouest from Preludes Book I
Yeol Eum Son,South Korea,23,Debussy La fille aux cheveux de lin from Preludes Book I
Yeol Eum Son,South Korea,23,Strauss-Godowsky Symphonic Metamorphosis on Die Fledermaus
Yeol Eum Son,South Korea,23,Bates White Lies for Lomax
Yeol Eum Son,South Korea,23,Barber Sonata Op.26
Sean Chen,United States,24,Ligeti Etude Book II No.13: L'escalier du diable
Sean Chen,United States,24,Brahms Variations on an Original Theme Op.21 No.1
Sean Chen,United States,24,Ravel Valses nobles et sentimentales
Sean Chen,United States,24,Theofanidis Birichino
Sean Chen,United States,24,Stravinsky Trois Mouvements de Pétrouchka
Beatrice Rana,Italy,20,"Scriabin Sonata No.2 in G-sharp Minor Op.19 (""Sonata-Fantasy"")"
Beatrice Rana,Italy,20,Theofanidis Birichino
Beatrice Rana,Italy,20,Chopin Twenty-four Preludes Op.28
Kenneth Broberg,United States,23,Schubert Four Impromptus Op.90
Kenneth Broberg,United States,23,Liszt Sonata in B Minor
Valery Kuleshov,Russia,30,Scarlatti Sonata in B Minor L.449
Valery Kuleshov,Russia,30,Scarlatti Sonata in D Major L.417
Valery Kuleshov,Russia,30,Scarlatti Sonata in D Minor L.423
Valery Kuleshov,Russia,30,Scarlatti Sonata in A Major L.391
Valery Kuleshov,Russia,30,Schumann Carnaval Op.9
Valery Kuleshov,Russia,30,Chopin Scherzo No.1 in B Minor Op.20
Valery Kuleshov,Russia,30,"Scriabin Sonata No.9 Op.68 ""Black Mass"""
Valery Kuleshov,Russia,30,Gould Ghost Waltzes for Piano
Valery Kuleshov,Russia,30,Horowitz-Kuleshov Variations on Themes from Bizet's Carmen
Anna Geniushene,Russia,31,Beethoven Seven Bagatelles Op.33
Anna Geniushene,Russia,31,"Verdi-Liszt Danza sacra e duetto finale di ""Aida"""
Anna Geniushene,Russia,31,Prokofiev Sonata No.8 in B-flat Major Op.84
Philippe Bianconi,France,25,Schumann Davidsbündlertänze Op.6
Philippe Bianconi,France,25,Ravel Noctuelles from Miroirs
Philippe Bianconi,France,25,Ravel Une barque sur l'ocean from Miroirs
Philippe Bianconi,France,25,Prokofiev Sonata No.3 in A Minor Op.28
Philippe Bianconi,France,25,Corigliano Fantasia on an Ostinato
JosE Carlos Cocarelli,Brazil,30,Schuman Chester: Variations for Piano
JosE Carlos Cocarelli,Brazil,30,"Schumann Variations on the Name ""Abegg"" Op.1"
JosE Carlos Cocarelli,Brazil,30,Chopin Sonata in F Minor Op.5
Sergei Redkin,Russia,,Tchaikovsky Dialogue Op.72 No.8
Sergei Redkin,Russia,,Tchaikovsky Un poco di Chopin Op.72 No.15
Sergei Redkin,Russia,,Tchaikovsky Scène dansante: Invitation au trepak Op.72 No.18
Moye Chen,China,33,Scarlatti Sonata in G Minor K.8
Moye Chen,China,33,Grieg 'Butterfly' Op.43 No.1
Moye Chen,China,34,Grieg 'March of the Dwarfs' Op.54 No.3
Moye Chen,China,33,Liszt-Horowitz Hungarian Rhapsody No.19
Moye Chen,China,33,Grainger Ramble on Love from Richard Strauss's 'Der Rosenkavalier' (1922)
Moye Chen,China,33,Rachmaninoff Sonata No.2 in B-flat Minor Op.36
Aviram Reichert,Israel,25,Beethoven Sonata in E Major Op.109
Aviram Reichert,Israel,25,Schubert Sonata in A Minor D.784
Christopher Taylor,United States,23,Messiaen Regard de l'Esprit de Joie from Vingt regards sur l'Enfant Jesus
Christopher Taylor,United States,23,Bach Goldberg Variations BWV 988
Christopher Taylor,United States,23,Rachmaninoff Etude-Tableau in D Minor Op.39 No.8
Christopher Taylor,United States,23,Rachmaninoff Etude-Tableau in D Major Op.39 No.9
Barry Douglas,United Kingdom,25,Bach Partita No.5 in G Major BWV 829
Barry Douglas,United Kingdom,25,Beethoven Sonata in E-flat Major Op.7
Barry Douglas,United Kingdom,25,Chopin Scherzo No.3 in C-sharp Minor Op.39
Barry Douglas,United Kingdom,25,Chopin Etude in A Minor Op.25 No.11
Barry Douglas,United Kingdom,25,Schumann Toccata in C Major Op.7
Benedetto Lupo,Italy,25,Bach Toccata in E Minor BWV 914
Benedetto Lupo,Italy,25,Beethoven Sonata in D Major Op.10 No.3
Benedetto Lupo,Italy,25,Chopin Ballade No.4 in F Minor Op.52
Benedetto Lupo,Italy,25,Chopin Etude in F Major Op.10 No.8
Benedetto Lupo,Italy,25,Liszt Transcendental Etude No.8
Barry Douglas,United Kingdom,25,Mozart Sonata in C Major K.330
Barry Douglas,United Kingdom,25,Beethoven Sonata in A-flat Major Op.110
Barry Douglas,United Kingdom,25,Liszt Après une lecture de Dante (Fantasia quasi Sonata)
Barry Douglas,United Kingdom,25,Scriabin Sonata No.4 in F-sharp Major Op.30
Benedetto Lupo,Italy,25,Mozart Sonata in E-flat Major K.282
Benedetto Lupo,Italy,25,Chopin Scherzo No.2 in B-flat Minor Op.31
Benedetto Lupo,Italy,25,"Prokofiev From Romeo and Juliet Suite Op.75: Father Lorenzo, Masks, Montagues and Capulets, Mercutio, Romeo Bids Juliet Farewell"
Sa Chen,China,25,Beethoven Sonata in A-flat Major Op.110
Sa Chen,China,25,Chopin Etude in G-sharp Minor Op.25 No.6
Sa Chen,China,25,Liszt Transcendental Etude No.5
Sa Chen,China,25,Stravinsky Etude Op.7 No.4
Sa Chen,China,25,Ravel Gaspard de la Nuit
Daniel Hsu,United States,19,Beethoven Sonata No.31 in A-flat Major Op.110
Daniel Hsu,United States,19,"Hamelin Toccata on ""L'homme armé"""
Daniel Hsu,United States,19,Liszt Réminiscences de Don Juan
DMYTRO CHONI,UKRAINE,28,Hough Fanfare Toccata
DMYTRO CHONI,UKRAINE,28,Schumann Novelette in F-sharp Minor Op.21 No.8
DMYTRO CHONI,UKRAINE,28,rachmaninoff Sonata No.2 in B-flat Minor Op.36
DMYTRO CHONI,UKRAINE,28,Prokofiev Sarcasms Op.17
DMYTRO CHONI,UKRAINE,28,Debussy Et la lune descend sur le temple qui fut from Images Book II
DMYTRO CHONI,UKRAINE,28,Debussy L'isle joyeuse
DMYTRO CHONI,UKRAINE,28,Liszt Après une lecture de Dante (Fantasia quasi Sonata)
Daniel Hsu,United States,19,Bach-Busoni Chaconne in D Minor
Daniel Hsu,United States,19,Mussorgsky Pictures at an Exhibition
Barry Douglas,United Kingdom,25,Beethoven Sonata in A-flat Major Op.110
Barry Douglas,United Kingdom,25,Corigliano Fantasia on an Ostinato
Barry Douglas,United Kingdom,25,Mussorgsky Pictures at an Exhibition
Moye Chen,China,33,Scriabin Poem in F-sharp Major Op.32 No.1
Moye Chen,China,33,Scriabin Sonata No.10 Op.70
Moye Chen,China,33,Mozart Sonata in C Major K.330
Moye Chen,China,33,Liszt Sonata in B Minor
DMYTRO CHONI,UKRAINE,28,Brahms Two Rhapsodies Op.79
DMYTRO CHONI,UKRAINE,28,Scriabin Sonata No.4 in F-sharp Major Op.30
DMYTRO CHONI,UKRAINE,28,Debussy Images Book I
DMYTRO CHONI,UKRAINE,28,Ginastera Sonata No.1 Op.22
Daniel Hsu,United States,19,Mozart Piano Concerto No.21 in C Major K.467
DMYTRO CHONI,UKRAINE,28,Mozart Piano Concerto No.20 in D Minor K.466
Aviram Reichert,Israel,25,Schubert Sonata in C Minor D.958
Aviram Reichert,Israel,25,Scriabin Sonata No.5 in F-sharp Major Op.53
Aviram Reichert,Israel,25,Bolcom Nine Bagatelles
Aviram Reichert,Israel,25,Chopin Nocturne in C Minor Op.48 No.1
Aviram Reichert,Israel,25,Chopin Etude in B Minor Op.25 No.10
Sa Chen,China,25,Schumann Carnaval Op.9
Sa Chen,China,25,Sebastian Currier Scarlatti Cadences + Brainstorm
Sa Chen,China,25,Chopin Sonata No.3 in B Minor Op.58
Daniel Hsu,United States,19,Schubert Four Impromptus Op.90
Daniel Hsu,United States,19,Brahms Ghost Waltzes for Piano
Christopher Taylor,United States,23,Gould Sonata No.2
Christopher Taylor,United States,23,Boulez Funérailles
Christopher Taylor,United States,23,Liszt Sonata in C Minor Op.111
Christopher Taylor,United States,23,Beethoven Chester: Variations for Piano
Benedetto Lupo,Italy,25,"Schuman Sonata No.2 in G-sharp Minor Op.19 (""Sonata-Fantasy"")"
Benedetto Lupo,Italy,25,Scriabin Sonata No.2 in B-flat Minor Op.36
Benedetto Lupo,Italy,25,Rachmaninoff Scherzo Fantasy Op.72 No.10
An Tianxu,China,,Tchaikovsky Prelude and Fugue in C Major BWV 870
An Tianxu,China,,Bach Etudes-Tableau in A Minor Op.39 No.6
An Tianxu,China,,Rachmaninoff Transcendental Etude No.8
An Tianxu,China,,Liszt Etude in A-flat Major Op.10 No.10
An Tianxu,China,,Chopin Prelude and Fugue in E-flat Major BWV 852
Lucas Debargue,France,,Bach Valse sentimentale Op.51 No.6
Lucas Debargue,France,,Tchaikovsky Etude in G-sharp Minor Op.25 No.6
Lucas Debargue,France,,Chopin Etude-Tableau in E-flat Minor Op.39 No.5
Lucas Debargue,France,,Rachmaninoff Transcendental Etude No.10
Lucas Debargue,France,,Liszt Sonata in D Major Op.10 No.3
Lucas Debargue,France,,Beethoven Prelude and Fugue in A-flat Major BWV 862
Kenneth Broberg,United States,23,Bach Après une lecture de Dante (Fantasia quasi Sonata)
Kenneth Broberg,United States,23,Liszt Jeux d'eau
Kenneth Broberg,United States,23,Ravel Sonata Op.26
Kenneth Broberg,United States,23,Barber Five Bagatelles: V.
Kenneth Broberg,United States,23,"Vine Sonata in F Minor Op.57 ""Appassionata"""
Johan Schmidt,Belgium,28,Beethoven Sonata No.5 in F-sharp Major Op.53
Johan Schmidt,Belgium,28,Scriabin Après une lecture de Dante (Fantasia quasi Sonata)
Johan Schmidt,Belgium,28,Liszt Chromatic Fantasy and Fugue BWV 903
Emma Takhmizian,Bulgaria,27,Bach Sonata in E-flat Major Op.31 No.3
Emma Takhmizian,Bulgaria,27,Beethoven Polonaise-Fantasy in A-flat Major Op.61
Emma Takhmizian,Bulgaria,27,Chopin Etude in A Minor Op.25 No.11
Emma Takhmizian,Bulgaria,27,Chopin Etude Pour les notes répétées
Emma Takhmizian,Bulgaria,27,Debussy Toccata in D Minor BWV 913
Alexander Shtarkman,USSR,22,Bach Sonata in F Major Hob.XVI:23
Alexander Shtarkman,USSR,22,Haydn Ballade No.1 in G Minor Op.23
Alexander Shtarkman,USSR,22,Chopin Etude in A Minor Op.10 No.2
Alexander Shtarkman,USSR,22,Chopin Transcendental Etude No.8
Alexander Shtarkman,USSR,22,Liszt Sonata in B-flat Major K.570
Emma Takhmizian,Bulgaria,27,Mozart Sonata in C Minor Op.111
Emma Takhmizian,Bulgaria,27,Beethoven Davidsbündlertänze Op.6
Emma Takhmizian,Bulgaria,27,Schumann Images Book II
Emma Takhmizian,Bulgaria,27,Debussy Sonata in F Major K.332
Alexander Shtarkman,USSR,22,Mozart Sonata No.2 in B-flat Minor Op.36
Alexander Shtarkman,USSR,22,Rachmaninoff Trois Mouvements de Pétrouchka
Alexander Shtarkman,USSR,22,Stravinsky Fantasia on an Ostinato
Emma Takhmizian,Bulgaria,27,Corigliano Bunte Blätter Op.99 Nos.2-6
Emma Takhmizian,Bulgaria,27,Schumann Sonata No.6 in A Major Op.82
Emma Takhmizian,Bulgaria,27,Prokofiev Four Pieces for Piano Op.2
An Tianxu,China,,Prokofiev Variations on a Theme by Chopin Op.22
An Tianxu,China,,Rachmaninoff Paganini Variations Op.35 Book 1
An Tianxu,China,,Brahms Sonata in F Minor Op.5
Lucas Debargue,France,,Medtner Piano Concerto No.24 in C Minor K.491
Lucas Debargue,France,,Mozart Gaspard de la Nuit
Lucas Debargue,France,,Ravel Sonata in D Major Op.10 No.3
Kenneth Broberg,United States,23,Beethoven Ballade No.4 in F Minor Op.52
Kenneth Broberg,United States,23,Chopin Sonata No.6 in A Major Op.82
Kenneth Broberg,United States,23,Prokofiev Piano Concerto No.25 in C Major K.503
Kenneth Broberg,United States,23,Mozart Variations in F Minor Hob.XVII:6
Johan Schmidt,Belgium,28,Haydn Sonata No.2 in B-flat Minor Op.36
Johan Schmidt,Belgium,28,Rachmaninoff Ghost Waltzes for Piano
Johan Schmidt,Belgium,28,Gould Sonata in B Minor
Johan Schmidt,Belgium,28,Liszt Spanish Rhapsody
Alexander Shtarkman,USSR,22,Liszt Pictures at an Exhibition
Alexander Shtarkman,USSR,22,Mussorgsky Chester: Variations for Piano
Alexander Shtarkman,USSR,22,Schuman Sonata in D Major Hob.XVI:42
Sergei Davydchenko,Russia,,Haydn Marche funèbre from Six Pieces on a Single Theme
Sergei Davydchenko,Russia,,Tchaikovsky Etude in E Minor Op.25 No.5
Sergei Davydchenko,Russia,,Chopin Transcendental Etude No.5
Sergei Davydchenko,Russia,,Liszt Prelude and Fugue in B-flat Minor BWV 891
Sergei Davydchenko,Russia,,Bach Prelude and Fugue in E-flat Major BWV 852
Kantorow Alexandre,France,,Bach Transcendental Etude No.12
Kantorow Alexandre,France,,Liszt Etude in F Major Op.10 No.8
Kantorow Alexandre,France,,Chopin Meditation Op.72 No.5
Kantorow Alexandre,France,,Tchaikovsky Etude-Tableau in D Major Op.39 No.9
Kantorow Alexandre,France,,Rachmaninoff Prelude and Fugue in C-sharp Major BWV 848
Dmitry Masleev,Russia,,Bach Etude-Tableau in D Major Op.39 No.9
Dmitry Masleev,Russia,,Rachmaninoff Transcendental Etude No.8
Dmitry Masleev,Russia,,Liszt Etude in B Minor Op.25 No.10
Dmitry Masleev,Russia,,Chopin Chant elegiaque Op.72 No.14
Dmitry Masleev,Russia,,Tchaikovsky Scène dansante. Invitation au trepak Op.72 No.18
Dmitry Masleev,Russia,,"Tchaikovsky Sonata in E-flat Major Op.81a ""Les Adieux"""
Dmitry Masleev,Russia,,Beethoven Etude-Tableau in A Minor Op.39 No.6
Jonathan Mamora,USA,27,Rachmaninoff Liebesleid
Jonathan Mamora,USA,27,Kreisler/Rachmaninoff Etude in C-sharp Minor Op.10 No.4
Jonathan Mamora,USA,27,Chopin Prelude and Fugue in B-flat Minor BWV 891
Jonathan Mamora,USA,27,Bach Sonata in A-flat Major Op.110
Jonathan Mamora,USA,27,Beethoven Sonata in B Minor
Sergei Davydchenko,Russia,,Liszt Sonata No.8 in B-flat Major Op.84
Sergei Davydchenko,Russia,,Prokofiev Fugue from Six Pieces on a Single Theme
Sergei Davydchenko,Russia,,Tchaikovsky Rhapsody in B Minor Op.79 No.1
Kantorow Alexandre,France,,Brahms Sonata No.2 in F-sharp Minor Op.2
Kantorow Alexandre,France,,Brahms Firebird Suite
Kantorow Alexandre,France,,Stravinsky-Agosti Nocturne No.6 in D-flat Minor Op.63
Kantorow Alexandre,France,,Faure Sonata in C Major Hob.XVI:48
Dmitry Masleev,Russia,,Haydn Piano Concerto No.20 in D Minor K.466
Dmitry Masleev,Russia,,Mozart Totentanz
Dmitry Masleev,Russia,,Liszt Scherzo from A Midsummer Night's Dream
Dmitry Masleev,Russia,,Mendelssohn – Rachmaninoff Variations on a Theme of Corelli Op.42
Dmitry Masleev,Russia,,Rachmaninoff Danse macabre
Dmitry Masleev,Russia,,Saint-Saëns/Liszt-Horowitz Resolve
Jonathan Mamora,USA,27,Vine Sonata No.3 Op.82
Jonathan Mamora,USA,27,Liebermann Les jeux d'eaux à la Villa d'Este
Jonathan Mamora,USA,27,Liszt Sonata No.2 in B-flat Minor Op.36
Jonathan Mamora,USA,27,Rachmaninoff Transcendental Etude No.2
Angel Stanislav Wang,USA,,Liszt Etude in C-sharp Minor Op.10 No.4
Angel Stanislav Wang,USA,,"Chopin Sonata in F Minor Op.57 ""Appassionata"""
Angel Stanislav Wang,USA,,Beethoven Etude-Tableau in D Major Op.39 No.9
Angel Stanislav Wang,USA,,Rachmaninoff Prelude and Fugue in F Major BWV 880
Angel Stanislav Wang,USA,,Bach Valse sentimentale Op.51 No.6
Angel Stanislav Wang,USA,,Tchaikovsky Sonata in E-flat Major Op.31 No.3
George Harliono,United Kingdom,,Beethoven Nocturne Op.19 No.4
George Harliono,United Kingdom,,Tchaikovsky Transcendental Etude No.5
George Harliono,United Kingdom,,Liszt Prelude and Fugue in C Minor BWV 847
George Harliono,United Kingdom,,Bach Etude-Tableau in A Minor Op.39 No.6
George Harliono,United Kingdom,,Rachmaninoff Etude in F Major Op.10 No.8
George Harliono,United Kingdom,,Chopin Prelude and Fugue in C Major BWV 870
Valentin Malinin,Russia,,Bach Etude-Tableau in F-sharp Minor Op.39 No.3
Valentin Malinin,Russia,,Rachaminoff Etude in B Minor Op.25 No.10
Valentin Malinin,Russia,,Chopin Tendres reproches Op.72 No.3
Valentin Malinin,Russia,,Tchaikovsky Paganini Etude No.6 in A Minor
Valentin Malinin,Russia,,Liszt Scherzo a la Russe Op.1 No.1
Valentin Malinin,Russia,,"Tchaikovsky Sonata in F Minor Op.57 ""Appassionata"""
Valentin Malinin,Russia,,Beethoven Transcendental Etude No.10
Fujita Mao,Japan,,Liszt Etude-Tableau in E-flat Minor Op.39 No.5
Fujita Mao,Japan,,Rachmaninoff Etude in A Minor Op.25 No.11
Fujita Mao,Japan,,Chopin Sonata in C Major K.330
Fujita Mao,Japan,,Mozart Prelude and Fugue in A Minor BWV 865
Fujita Mao,Japan,,Bach Dumka Op.59
Fujita Mao,Japan,,Tchaikovsky Scherzo a la Russe Op.1 No.1
Shishkin Dmitry,Russia,,Tchaikovsky Etude in C-sharp Minor Op.10 No.4
Shishkin Dmitry,Russia,,Chopin Etude-Tableau in D Minor Op.39 No.8
Shishkin Dmitry,Russia,,Rachmaninoff Prelude and Fugue in G Major BWV 860
Shishkin Dmitry,Russia,,"Bach Sonata in C Major Op.53 ""Waldstein"""
Shishkin Dmitry,Russia,,Beethoven La Campanella
Shishkin Dmitry,Russia,,Liszt La Campanella
George Li,USA,,Liszt Theme and Variations in F Major Op.19 No.6
George Li,USA,,Tchaikovsky Sonata in C Minor Op.111
George Li,USA,,Beethoven Prelude and Fugue in G Minor BWV 885
George Li,USA,,Bach Etude in A Minor Op.10 No.2
George Li,USA,,Chopin Etude-Tableau in E-flat Minor Op.33 No.6
George Li,USA,,Rachmaninoff Sonata in C Major Op.2 No.3
Lukas Geniusas,Russia/Lithuania,,Beethoven Transcendental Etude No.8
Lukas Geniusas,Russia/Lithuania,,Liszt Etude in A Minor Op.10 No.2
Lukas Geniusas,Russia/Lithuania,,Chopin Etude-Tableau in C Major Op.33 No.2
Lukas Geniusas,Russia/Lithuania,,Rachmaninoff Prelude and Fugue in A Minor BWV 889
Lukas Geniusas,Russia/Lithuania,,Bach Romance in F Minor Op.5
Lukas Geniusas,Russia/Lithuania,,Tchaikovsky Scherzo Humoresque Op.19 No.2
Lukas Geniusas,Russia/Lithuania,,Tchaikovsky Prelude and Fugue in B Minor BWV 893
Anthony Ratinov,USA,24,Bach Etude Pour les Octaves
Anthony Ratinov,USA,24,Debussy Etude-Tableau in D Major Op.39 No.9
Anthony Ratinov,USA,24,Rachmaninoff Sonata in B Minor Hob.XVI:32
Anthony Ratinov,USA,24,Haydn Polichinelle Op.3 No.4
Anthony Ratinov,USA,24,Rachmaninoff Dumka Op.59
Angel Stanislav Wang,USA,,Tchaikovsky Sonata in B Minor
Angel Stanislav Wang,USA,,Liszt Goyescas: Quejas de la maja y el ruiseñor
Angel Stanislav Wang,USA,,Granados Trois Mouvements de Pétrouchka
Angel Stanislav Wang,USA,,Stravinsky Une Barque sur l'ocean from Miroirs
George Harliono,United Kingdom,,Ravel Meditation Op.72 No.5
George Harliono,United Kingdom,,Tchaikovsky Trois Mouvements de Pétrouchka
George Harliono,United Kingdom,,"Stravinsky Fantasie in C Major Op.15 ""Wanderer"""
George Harliono,United Kingdom,,Schubert Sonata No.6 in A Major Op.82
Valentin Malinin,Russia,,Prokofiev Sonata No.4 in F-sharp Major Op.30
Valentin Malinin,Russia,,Scriabin Valse in A-flat Major Op.38
Valentin Malinin,Russia,,Scriabin Three Etudes Op.65
Valentin Malinin,Russia,,Scriabin Nocturne in F Major Op.10 No.1
Valentin Malinin,Russia,,Tchaikovsky Impromptu Op.72 No.1
Valentin Malinin,Russia,,Tchaikovsky Sonata No.3 in B Minor Op.58
Fujita Mao,Japan,,"Chopin Sonata No.2 in G-sharp Minor Op.19 (""Sonata-Fantasy"")"
Fujita Mao,Japan,,Scriabin Sonata No.7 in B-flat Major Op.83
Fujita Mao,Japan,,Prokofiev 4 Etudes Op.2
Shishkin Dmitry,Russia,,Prokofiev Sonata No.2 in B-flat Minor Op.36
Shishkin Dmitry,Russia,,Rachmaninoff Scherzo No.2 in B-flat Minor Op.31
Shishkin Dmitry,Russia,,Chopin 3 Mazurkas Op.59
Shishkin Dmitry,Russia,,Chopin Canzona-Serenata from 'Forgotten Melodies' Op.38
Shishkin Dmitry,Russia,,Medtner Valse de salon Op.51 No.1
George Li,USA,,Tchaikovsky Meditation Op.72 No.5
George Li,USA,,Tchaikovsky Hungarian Rhapsody No.2
George Li,USA,,Liszt Variations on a Theme of Corelli Op.42
George Li,USA,,"Rachmaninoff Variations on ""La ci darem la mano"" Op.2"
George Li,USA,,Chopin Piano Concerto No.23 in A Major K.488
George Li,USA,,Mozart Etude in E Major Op.10 No.3
Lukas Geniusas,Russia/Lithuania,,Chopin Etude in C-sharp Minor Op.10 No.4
Lukas Geniusas,Russia/Lithuania,,Chopin Etude in G-flat Major Op.10 No.5
Lukas Geniusas,Russia/Lithuania,,Chopin Etude in E-flat Minor Op.10 No.6
Lukas Geniusas,Russia/Lithuania,,Chopin Piano Concerto No.20 in D Minor K.466
Lukas Geniusas,Russia/Lithuania,,Mozart Sonata No.1 in C Major Op.1
Lukas Geniusas,Russia/Lithuania,,Brahms Sonata No.7 in B-flat Major Op.83
Lukas Geniusas,Russia/Lithuania,,Prokofiev Sonata in E Minor Op.90
Anthony Ratinov,USA,24,Beethoven Sonata No.5 in F-sharp Major Op.53
Anthony Ratinov,USA,24,Scriabin Sonata No.8 in B-flat Major Op.84
Anthony Ratinov,USA,24,Prokofiev Resolve
Anthony Ratinov,USA,24,Vine Prelude and Fugue in E Minor BWV 879
Ilya Papoyan,Russia,,Bach Etude in A Minor Op.25 No.11
Ilya Papoyan,Russia,,Chopin Etude-Tableau in B Minor Op.39 No.4
Ilya Papoyan,Russia,,Rachmaninoff Sonata in E Major Op.109
Ilya Papoyan,Russia,,Beethoven Theme and Variations in F Major Op.19 No.6
Ilya Papoyan,Russia,,Tchaikovsky Paganini Etude No.6 in A Minor
Ilya Papoyan,Russia,,Liszt Etude-Tableau in D Minor Op.33 No.4
Stanislav Korchagin,Russia,,Rachmaninoff Etude in A-flat Major Op.10 No.10
Stanislav Korchagin,Russia,,Chopin Sonata in E-flat Major Hob.XVI:45
Stanislav Korchagin,Russia,,Haydn Prelude and Fugue in A-flat Major BWV 886
Stanislav Korchagin,Russia,,Bach Transcendental Etude No.4
Stanislav Korchagin,Russia,,Liszt Five pieces from Concert Suite from The Sleeping Beauty: Prologue / Dance of Pages / Vision / Fairy of Silver / Adagio
Stanislav Korchagin,Russia,,Tchaikovsky-Pletnev Sonata in A-flat Major Op.110
Broberg Kenneth,USA,,Beethoven Dumka Op.59
Broberg Kenneth,USA,,Tchaikovsky Etude in E Minor Op.25 No.5
Broberg Kenneth,USA,,Chopin Etude-Tableau in D Minor Op.39 No.8
Broberg Kenneth,USA,,Rachmaninoff Prelude and Fugue in A-flat Major BWV 862
Broberg Kenneth,USA,,Bach Transcendental Etude No.8
Broberg Kenneth,USA,,"Liszt Sonata in F Minor Op.57 ""Appassionata"""
Melnikov Alexey,Russia,,Beethoven October
Melnikov Alexey,Russia,,Tchaikovsky Etude in C Major Op.10 No.1
Melnikov Alexey,Russia,,Chopin Etude-Tableau in C Major Op.33 No.2
Melnikov Alexey,Russia,,Rachmaninoff Transcendental Etude No.10
Melnikov Alexey,Russia,,Liszt Prelude and Fugue in B-flat Minor BWV 867
Melnikov Alexey,Russia,,Bach Prelude and Fugue in C-sharp Minor BWV 873
Yemelyanov Konstantin,Russia,,Bach Sonata in D Major Hob.XVI:24
Yemelyanov Konstantin,Russia,,Haydn Romance in F Minor Op.5
Yemelyanov Konstantin,Russia,,Tchaikovsky Danse caractéristique Op.72 No.4
Yemelyanov Konstantin,Russia,,Tchaikovsky Nocturne Op.19 No.4
Yemelyanov Konstantin,Russia,,Tchaikovsky Etude in A Minor Op.10 No.2
Yemelyanov Konstantin,Russia,,Chopin La Campanella
Yemelyanov Konstantin,Russia,,Liszt Etude-Tableau in A Minor Op.39 No.6
Yemelyanov Konstantin,Russia,,Rachmaninoff Etude in G-sharp Minor Op.25 No.6
Daniel Kharitonov,Russia,,Chopin Transcendental Etude No.10
Daniel Kharitonov,Russia,,Liszt Meditation Op.72 No.5
Daniel Kharitonov,Russia,,"Tchaikovsky Sonata in F Minor Op.57 ""Appassionata"""
Daniel Kharitonov,Russia,,Beethoven Prelude and Fugue in B-flat Minor BWV 891
Daniel Kharitonov,Russia,,Bach Etude-Tableau in D Major Op.39 No.9
Daniel Kharitonov,Russia,,Rachmaninoff Echo rustique Op.72 No.14
Sergei Redkin,Russia,,Tchaikovsky Sonata in E Major Op.109
Sergei Redkin,Russia,,Beethoven Etude in F Major Op.10 No.8
Sergei Redkin,Russia,,Chopin Prelude and Fugue in B Major BWV 892
Sergei Redkin,Russia,,Bach Transcendental Etude No.12
Sergei Redkin,Russia,,Liszt Etude-Tableau in A Minor Op.39 No.6
Sergei Redkin,Russia,,Rachmaninoff Prelude and Fugue in A-flat Major BWV 862
Yanfeng Bai,China,23,Bach Etude in C-sharp Minor Op.10 No.4
Yanfeng Bai,China,23,Chopin 12 Etudes Op.8
Yanfeng Bai,China,23,Scriabin Sonata in A-flat Major Op.26
Yanfeng Bai,China,23,Beethoven Prelude in G Minor Op.23 No.5
Yanfeng Bai,China,23,Rachmaninoff Three Romances Op.28
Ilya Papoyan,Russia,,Schumann Danse macabre
Ilya Papoyan,Russia,,Saint-Saëns/Liszt-Horowitz Echo rustique Op.72 No.13
Ilya Papoyan,Russia,,Tchaikovsky Chant elegiaque Op.72 No.14
Ilya Papoyan,Russia,,Tchaikovsky Sonata No.2 in B-flat Minor Op.36
Ilya Papoyan,Russia,,Rachmaninoff Variations on a Theme of Paganini Book II
Stanislav Korchagin,Russia,,Brahms La Valse
Stanislav Korchagin,Russia,,Ravel Chant elegiaque Op.72 No.14
Stanislav Korchagin,Russia,,Tchaikovsky Sonata No.6 in A Major Op.82
Stanislav Korchagin,Russia,,Prokofiev Sonata Op.26
Broberg Kenneth,USA,,Barber Sonata in E Minor Op.25 No.2
Broberg Kenneth,USA,,Medtner Toccata in C Minor BWV 911
Broberg Kenneth,USA,,Bach Prelude No.1 in C Major
Melnikov Alexey,Russia,,Scriabin Prelude No.2 in A Minor
Melnikov Alexey,Russia,,Scriabin Prelude No.6 in B Minor
Melnikov Alexey,Russia,,Scriabin Prelude No.8 in F-sharp Minor
Melnikov Alexey,Russia,,Scriabin Prelude No.8 in F-sharp Minor
Melnikov Alexey,Russia,,Scriabin Prelude No.11 in B Major
Melnikov Alexey,Russia,,Scriabin Prelude No.12 in E-flat Minor
Melnikov Alexey,Russia,,Scriabin Prelude No.14 in E-flat Minor
Melnikov Alexey,Russia,,Rachmaninoff Etude-tableau in C Minor Op.33 No.3
Melnikov Alexey,Russia,,Prokofiev 4 Etudes Op.2
Melnikov Alexey,Russia,,Liszt Sonata in B Minor
Yemelyanov Konstantin,Russia,,Tchaikovsky Chant elegiaque Op.72 No.14
Yemelyanov Konstantin,Russia,,"Tchaikovsky-Feinberg Scherzo from Symphony No.6 ""Pathetique"""
Yemelyanov Konstantin,Russia,,Barber Sonata Op.26
Yemelyanov Konstantin,Russia,,Rachmaninoff Variations on a Theme of Corelli Op.42
Daniel Kharitonov,Russia,,Rachmaninoff Sonata No.2 in B-flat Minor Op.36
Daniel Kharitonov,Russia,,Rachmaninoff Prelude in G-flat major Op.23 No.10
Daniel Kharitonov,Russia,,Liszt Hungarian Rhapsody No.12
Daniel Kharitonov,Russia,,Liszt Petrarch Sonnet No.123
Daniel Kharitonov,Russia,,Bach-Busoni Chaconne in D Minor
Daniel Kharitonov,Russia,,Mozart Piano Concerto No.9 in E-flat Major K.271
Sergei Redkin,Russia,,Schubert-Liszt Aufenthalt
Sergei Redkin,Russia,,Schubert-Liszt Liebesbotschaft 
Sergei Redkin,Russia,,Schubert-Liszt Der Müller und der Bach 
Sergei Redkin,Russia,,Schubert-Liszt Erlkönig
Sergei Redkin,Russia,,Prokofiev Sonata No.8 in B-flat Major Op.84
Sergei Redkin,Russia,,Bach Toccata in C Minor BWV 911
Sergei Redkin,Russia,,Mozart Piano Concerto No.12 in A major K.414
Yanfeng Bai,China,23,Scriabin Etude in C-sharp Minor Op.42 No.5
Yanfeng Bai,China,23,Vine Resolve
Yanfeng Bai,China,23,Paderewski Nocturne in B-flat Major Op.16 No.4
Yanfeng Bai,China,23,Barber Sonata Op.26
Suah Ye,South Korea,,Bach Prelude and Fugue in G Minor BWV 885
Suah Ye,South Korea,,Liszt Concert Etude No.2 in F Minor
Suah Ye,South Korea,,Chopin Etude in A Minor Op.25 No.11
Suah Ye,South Korea,,Rachaminoff Etude-Tableau in E-flat Minor Op.33 No.6
Suah Ye,South Korea,,Tchaikovsky-Pletnev Andante maestoso from the Nutcracker
Suah Ye,South Korea,,"Beethoven Sonata in C Major Op.53 ""Waldstein"""
Xuanyi Mao,China,,Bach Prelude and Fugue in C-sharp Minor BWV 873
Xuanyi Mao,China,,Rachmaninoff Etude-Tableau in E-flat Minor Op.33 No.6
Xuanyi Mao,China,,Liszt Transcendental Etude No.10
Xuanyi Mao,China,,Chopin Etude in A Minor Op.10 No.2
Xuanyi Mao,China,,Tchaikovsky Dumka Op.59
Xuanyi Mao,China,,Beethoven Sonata in A-flat Major Op.110
Suah Ye,South Korea,,Chopin Andante Spianato and Grande Polonaise Brillante in E-flat Major Op.22
Suah Ye,South Korea,,Tchaikovsky Un poco di Chopin Op.72 No.15
Suah Ye,South Korea,,Tchaikovsky Invitation to the Trepak Op.72 No.18
Suah Ye,South Korea,,Schumann Symphonic Etudes Op.13
Suah Ye,South Korea,,Scriabin Sonata No.5 in F-sharp Major Op.53
Xuanyi Mao,China,,Vine Sonata No.1
Xuanyi Mao,China,,Stravinsky Trois Mouvements de Pétrouchka
Xuanyi Mao,China,,Mozart 12 Variations in B-Flat Major KV 500
Xuanyi Mao,China,,Tchaikovsky Nocturne Op.19 No.4
Xuanyi Mao,China,,"Scriabin Sonata No.2 in G-sharp Minor Op.19 (""Sonata-Fantasy"")"