"Name","Nationality","Age","Stage","Composer","Piece","Movement"
"Rachel Kudo","American Japanese","29","Round 1: 20-Minute Recital","Domenico Scarlatti","","Sonata in A Major K.332
Sonata in A minor K.175"
"Rachel Kudo","American Japanese","29","Round 1: 20-Minute Recital","Johannes Brahms","Variations on a theme by Paganini Op.35 Book I",""
"Rachel Kudo","American Japanese","29","Round 2: 30-Minute Recital","Aaron Copland","The Cat and the Mouse",""
"Rachel Kudo","American Japanese","29","Round 2: 30-Minute Recital","Claude Debussy","","Étude No.1 ‘pour les cinq doigts d’après Monsieur Czerny’
Étude No.2 ‘pour les tierces’ (thirds)
Étude No.3 ‘pour les quartes’ (fourths)"
"Rachel Kudo","American Japanese","29","Round 2: 30-Minute Recital","Carl Vine","Piano Sonata No.1 (1990)","Lento
Leggiero e legato"
"Rachel Kudo","American Japanese","29","Round 1: 65-Minute Recital","Johann Sebastian Bach","Overture in the French style in B minor BWV 831","Overture
Courante
Gavotte
Passepied
Sarabande
Bourée I/II
Gigue
Echo"
"Rachel Kudo","American Japanese","29","Round 1: 65-Minute Recital","Ludwig van Beethoven","Piano Sonata No.18 in E♭ Major Op.31 No.3 ‘The Hunt’","Allegro
Scherzo. Allegretto vivace
Menuetto. Moderato e grazioso
Presto con fuoco"
"Rachel Kudo","American Japanese","29","Round 1: 65-Minute Recital","Samuel Barber","Sonata in E♭ minor Op.26","Allegro energico
Allegro vivace e leggero
Adagio mesto
Fuga: Allegro con spirito"
"Rachel Kudo","American Japanese","29","Round 2: Accompaniment/Chamber Music","Ludwig van Beethoven","Sonata for Piano and Violin No.9 in A Major Op.47 ‘Kreutzer’","Adagio sostenuto – Presto
Andante con variazioni
Presto"
"Rachel Kudo","American Japanese","29","Round 2: Accompaniment/Chamber Music","Antonín Dvořák","Piano Quintet No.2 in A Major Op.81","Allegro, ma non tanto
Dumka: Andante con moto
Scherzo (Furiant): molto vivace
Finale: Allegro"
"Rachel Kudo","American Japanese","29","Round 1: 18th Century Concerto","Wolfgang Amadeus Mozart","Concerto No.21 in C Major K.467","Allegro maestoso
Andante
Allegro vivace assai"
"Rachel Kudo","American Japanese","29","Round 2: 19th or 20th Century Concerto","Johannes Brahms","Concerto No.2 in B♭ Major Op.83","Allegro non troppo
Allegro appassionato
Andante
Allegretto grazioso"
"Ming Xie","Chinese","22","Round 1: 20-Minute Recital","Enrique Granados","El Amor y la muerte (Balada) from ‘Goyescas’ Op.11",""
"Ming Xie","Chinese","22","Round 1: 20-Minute Recital","Gérard Pesson","Vexierbilder II: Speech of clouds",""
"Ming Xie","Chinese","22","Round 1: 20-Minute Recital","Felix Mendelssohn/Sergei Rachmaninoff","Scherzo from ‘Midsummer Night's Dream’",""
"Ming Xie","Chinese","22","Round 2: 30-Minute Recital","Percy Grainger","Ramble on Love after Richard Strauss' ‘Der Rosenkavalier’ (1927)",""
"Ming Xie","Chinese","22","Round 2: 30-Minute Recital","Maurice Ravel","Gaspard de la nuit","Ondine
Le Gibet
Scarbo"
"Ming Xie","Chinese","22","Round 1: 65-Minute Recital","Isaac Albéniz","Iberia Book I: 1. Evocación",""
"Ming Xie","Chinese","22","Round 1: 65-Minute Recital","Karol Szymanowski","from 4 Études Op.4","Allegro moderato
Allegro molto"
"Ming Xie","Chinese","22","Round 1: 65-Minute Recital","Ludwig van Beethoven","5 Variations on Rule Britannia WoO 79",""
"Ming Xie","Chinese","22","Round 1: 65-Minute Recital","César Franck","Prélude, Chorale et Fugue",""
"Ming Xie","Chinese","22","Round 1: 65-Minute Recital","Sergei Prokofiev","Piano Sonata No.6 in A Major Op.82","Allegro inquieto
Allegretto
Tempo di valzer, lentissimo
Vivace"
"Ming Xie","Chinese","22","Round 2: Accompaniment/Chamber Music","Gabriel Fauré","Sonata for Violin and Piano No.1 in A Major Op.13","Allegro molto
Andante
Allegro vivo
Allegro quasi presto"
"Ming Xie","Chinese","22","Round 2: Accompaniment/Chamber Music","Robert Schumann","Piano Quintet in E♭ Major Op.44","Allegro brillante
In modo d’una marcia. Un poco largarmente
Scherzo: Molto vivace
Allegro ma non troppo"
"Ming Xie","Chinese","22","Round 1: 18th Century Concerto","Wolfgang Amadeus Mozart","Concerto No.24 in C minor K.491","Allegro
Larghetto
Allegretto"
"Ming Xie","Chinese","22","Round 2: 19th or 20th Century Concerto","Sergei Prokofiev","Concerto No.3 in C Major Op.26","Andante. Allegro
Tema con variazioni
Allegro, ma non troppo"
"Larry Weng","American","29","Round 1: 20-Minute Recital","Frédéric Chopin","Polonaise Fantasie in A♭ Major Op.61",""
"Larry Weng","American","29","Round 1: 20-Minute Recital","Maurice Ravel","Alborada del gracioso from ‘Miroirs’",""
"Larry Weng","American","29","Round 2: 30-Minute Recital","Maurice Ravel","Oiseaux Tristes from ‘Miroirs’",""
"Larry Weng","American","29","Round 2: 30-Minute Recital","Carl Vine","from Five Bagatelles (1994)","III. Gentle
IV.
V. Threnody"
"Larry Weng","American","29","Round 2: 30-Minute Recital","Ludwig van Beethoven","Piano Sonata No.30 in E Major Op.109","Vivace ma non troppo. Adagio espressivo
Prestissimo
Gesangvoll, mit innigster Empfindung. Andante molto cantabile ed espressivo"
"Larry Weng","American","29","Round 1: 65-Minute Recital","Franz Schubert","Piano Sonata No.20 D.959","Allegro
Andantino
Scherzo. Allegro vivace
Rondo. Allegretto"
"Larry Weng","American","29","Round 1: 65-Minute Recital","Maurice Ravel","Une barque sur l'ocean and La vallée des cloches from ‘Miroirs’",""
"Larry Weng","American","29","Round 1: 65-Minute Recital","Sergei Prokofiev","Sonata No.7 in B♭ Major Op.83","Allegro inquieto
Andante caloroso
Precipitato"
"Larry Weng","American","29","Round 2: Accompaniment/Chamber Music","César Franck","Sonata for Violin and Piano in A Major","Allegretto ben moderato
Allegro
Ben moderato: Recitative-Fantasia
Allegretto poco mosso"
"Larry Weng","American","29","Round 2: Accompaniment/Chamber Music","Robert Schumann","Piano Quintet in E♭ Major Op.44","Allegro brillante
In modo d’una marcia. Un poco largarmente
Scherzo: Molto vivace
Allegro ma non troppo"
"Larry Weng","American","29","Round 1: 18th Century Concerto","Wolfgang Amadeus Mozart","Concerto No.21 in C Major K.467","Allegro maestoso
Andante
Allegro vivace assai"
"Larry Weng","American","29","Round 2: 19th or 20th Century Concerto","Johannes Brahms","Concerto No.2 in B♭ Major Op.83","Allegro non troppo
Allegro appassionato
Andante
Allegretto grazioso"
"Yinfei Wang","Chinese","30","Round 1: 20-Minute Recital","Domenico Scarlatti","Sonata in B minor K. 87",""
"Yinfei Wang","Chinese","30","Round 1: 20-Minute Recital","Franz Liszt","Réminiscences de Don Juan S.418",""
"Yinfei Wang","Chinese","30","Round 1: 20-Minute Recital","Carl Vine","Toccatissimo (2011)",""
"Yinfei Wang","Chinese","30","Round 1: 20-Minute Recital","Ludwig van Beethoven","Piano Sonata No.32 in C minor Op.111","Maestoso – Allegro con brio ed appassionato
Arietta: Adagio molto semplice e cantabile"
"Yinfei Wang","Chinese","30","Round 1: 65-Minute Recital","Frédéric Chopin","Piano Sonata No.3 in B minor Op.58","Allegro maestoso
Scherzo: Molto vivace
Largo
Finale: Presto non tanto; Agitato"
"Yinfei Wang","Chinese","30","Round 1: 65-Minute Recital","Maurice Ravel","Gaspard de la Nuit","Ondine
Le Gibet
Scarbo"
"Yinfei Wang","Chinese","30","Round 1: 65-Minute Recital","Alexander Scriabin","Piano Sonata No.4 in F♯ Major Op.30","Andante
Prestissimo volando"
"Yinfei Wang","Chinese","30","Round 2: Accompaniment/Chamber Music","Johannes Brahms","Sonata for Violin and Piano No.3 in D minor Op.108","Allegro
Adagio
Un poco presto e con sentimento
Presto agitato"
"Yinfei Wang","Chinese","30","Round 2: Accompaniment/Chamber Music","Antonín Dvořák","Piano Quintet No.2 in A Major Op.81","Allegro, ma non tanto
Dumka: Andante con moto
Scherzo (Furiant): molto vivace
Finale: Allegro"
"Yinfei Wang","Chinese","30","Round 1: 18th Century Concerto","Wolfgang Amadeus Mozart","Concerto No.23 in A Major K.488","Allegro
Adagio
Allegro assai"
"Yinfei Wang","Chinese","30","Round 2: 19th or 20th Century Concerto","Frédéric Chopin","Concerto No.2 in F minor Op.21","Maestoso
Larghetto
Allegro vivace"
"Oxana Shevchenko","Kazakh","29","Round 1: 20-Minute Recital","Jean-Philippe Rameau","Allemande from Suite in E minor",""
"Oxana Shevchenko","Kazakh","29","Round 1: 20-Minute Recital","Carl Vine","from Five Bagatelles (1994)","Legieroe legato
Gentle"
"Oxana Shevchenko","Kazakh","29","Round 1: 20-Minute Recital","Granados","El Amor y la muerte (Balada) from ‘Goyescas’ Op.11",""
"Oxana Shevchenko","Kazakh","29","Round 2: 30-Minute Recital","Frédéric Chopin","Polonaise-Fantasie in A♭ Major Op.61",""
"Oxana Shevchenko","Kazakh","29","Round 2: 30-Minute Recital","Igor Stravinsky","Trois Mouvements de Pétrouchka","Danse Russe
Chez Pétrouchka
La semaine grass"
"Oxana Shevchenko","Kazakh","29","Round 1: 65-Minute Recital","Wolfgang Amadeus Mozart","Allegro in B♭ Major K.400",""
"Oxana Shevchenko","Kazakh","29","Round 1: 65-Minute Recital","Wolfgang Amadeus Mozart/Franz Liszt/Ferruccio Busoni","Fantasy on two themes from Mozart's ‘The Marriage of Figaro’",""
"Oxana Shevchenko","Kazakh","29","Round 1: 65-Minute Recital","Robert Schumann","Davidsbündlertänze Op.6","Lebhaft
Innig
Mit Humor
Ungeduldig
Einfach
Sehr rasch
Nicht schnell
Frisch
Lebhaft
Balladenmässig Sehr rasch
Einfach (Semplice)
Mit Humor
Wild und lustig
Zart und singend XV, Frisch – Etwas bewegeter
Mit gutem Humor
Wie aus der Ferne
Nicht schnell"
"Oxana Shevchenko","Kazakh","29","Round 1: 65-Minute Recital","Maurice Ravel","La Valse",""
"Oxana Shevchenko","Kazakh","29","Round 2: Accompaniment/Chamber Music","Ludwig van Beethoven","Sonata for Piano and Violin No.9 in A Major Op.47 ‘Kreutzer’","Adagio sostenuto – Presto
Andante con variazioni
Presto"
"Oxana Shevchenko","Kazakh","29","Round 2: Accompaniment/Chamber Music","César Franck","Piano Quintet in F minor","Molto moderato quasi lento – Allegro
Lento con molto sentiment
Allegro non troppo ma con fuoco"
"Oxana Shevchenko","Kazakh","29","Round 1: 18th Century Concerto","Wolfgang Amadeus Mozart","Concerto No.26 in D Major K.537","Allegro
Larghetto
Allegretto"
"Oxana Shevchenko","Kazakh","29","Round 2: 19th or 20th Century Concerto","Sergei Prokofiev","Concerto No.3 in C Major Op.26","Andante. Allegro
Tema con variazioni
Allegro, ma non troppo"
"Ilya Rashkovskiy","Russian","32","Round 1: 20-Minute Recital","Carl Vine","Toccatissimo (2011)",""
"Ilya Rashkovskiy","Russian","32","Round 1: 20-Minute Recital","Frédéric Chopin","Polonaise Fantasie in A♭ Major Op.61",""
"Ilya Rashkovskiy","Russian","32","Round 2: 30-Minute Recital","Franz Liszt","Hungarian Rhapsody No.12 in C♯ minor S.244",""
"Ilya Rashkovskiy","Russian","32","Round 2: 30-Minute Recital","Sergei Rachmaninoff","Piano Sonata No.2 in B♭ minor Op.36","Allegro agitato
Non allegro
Allegro molto"
"Ilya Rashkovskiy","Russian","32","Round 1: 65-Minute Recital","Sergei Prokofiev","Piano Sonata no.4 in C minor Op.29","Allegro molto sostenuto
Andante assai
Allegro con brio, ma non leggiere"
"Ilya Rashkovskiy","Russian","32","Round 1: 65-Minute Recital","Ludwig van Beethoven","Piano Sonata No.29 in B♭ Major Op.106","Allegro
Scherzo: Assai vivace
Adagio sostenuto
Introduzione: Largo – Fuga: Allegro risoluto"
"Ilya Rashkovskiy","Russian","32","Round 2: Accompaniment/Chamber Music","Gabriel Fauré","Sonata for Violin and Piano No.1 in A Major Op.13","Allegro molto
Andante
Allegro vivo
Allegro quasi presto"
"Ilya Rashkovskiy","Russian","32","Round 2: Accompaniment/Chamber Music","Robert Schumann","Piano Quintet in E♭ Major Op.44","Allegro brillante
In modo d’una marcia. Un poco largarmente
Scherzo: Molto vivace
Allegro ma non troppo"
"Ilya Rashkovskiy","Russian","32","Round 1: 18th Century Concerto","Ludwig van Beethoven","Concerto No.2 in B♭ Major Op.19","Allegro con brio
Adagio
Rondo, Molto allegro"
"Ilya Rashkovskiy","Russian","32","Round 2: 19th or 20th Century Concerto","Sergei Prokofiev","Concerto No.3 in C Major Op.26","Andante. Allegro
Tema con variazioni
Allegro, ma non troppo"
"Poom Prommachart","Thai","27","Round 1: 20-Minute Recital","Jean-Philippe Rameau","Prelude ""L'entretien des Muses"" No.8 from Suite in D major (Pieces de Clavecin 1724)",""
"Poom Prommachart","Thai","27","Round 1: 20-Minute Recital","Franz Liszt","Variations on a theme of Bach S.180 from ‘Weinen, Klagen, Sorgen, Zagen’ by J.S.Back S.180",""
"Poom Prommachart","Thai","27","Round 1: 20-Minute Recital","Carl Vine","Toccatissimo (2011)",""
"Poom Prommachart","Thai","27","Round 1: 20-Minute Recital","Nikolai Medtner","Sonata-Ballade in F♯ Major Op.27","Ballade
Introduzione e Finale"
"Poom Prommachart","Thai","27","Round 1: 65-Minute Recital","Wolfgang Amadeus Mozart","12 Variations on an Allegretto in B♭ Major K.500",""
"Poom Prommachart","Thai","27","Round 1: 65-Minute Recital","Frédéric Chopin","from 12 Études Op.25","I. A♭ Major II. F minor V. E minor"
"Poom Prommachart","Thai","27","Round 1: 65-Minute Recital","Alexander Scriabin","Piano Sonata No. 9 Op.68 ('Black Mass')",""
"Poom Prommachart","Thai","27","Round 1: 65-Minute Recital","Sergei Prokofiev","Piano Sonata No.6 in A Major Op.82","I. Allegro inquieto II. Allegretto III. Tempo di valzer, lentissimo VI. Vivace"
"Poom Prommachart","Thai","27","Round 2: Accompaniment/Chamber Music","César Franck","Sonata for Violin and Piano in A Major","I. Allegretto ben moderato II. Allegro III. Ben moderato: Recitative-Fantasia VI. Allegretto poco mosso"
"Poom Prommachart","Thai","27","Round 2: Accompaniment/Chamber Music","César Franck","Piano Quintet in F minor","I. Molto moderato quasi lento – Allegro II. Lento con molto sentiment III. Allegro non troppo ma con fuoco"
"Poom Prommachart","Thai","27","Round 1: 18th Century Concerto","Ludwig van Beethoven","Concerto No.2 in B♭ Major Op.19","I. Allegro con brio II. Adagio III. Rondo, Molto allegro"
"Poom Prommachart","Thai","27","Round 2: 19th or 20th Century Concerto","Johannes Brahms","Concerto No.2 in B♭ Major Op.83","I. Allegro non troppo II. Allegro appassionato III. Andante IV. Allegretto grazioso"
"Woo-Gil Park","Korean","23","Round 1: 20-Minute Recital","Joseph Haydn","Sonata in D Major HobXVI:51",""
"Woo-Gil Park","Korean","23","Round 1: 20-Minute Recital","Felix Mendelssohn","Variations Sérieuses Op.54",""
"Woo-Gil Park","Korean","23","Round 2: 30-Minute Recital","Alexander Scriabin","Piano Sonata No.3 in F♯ minor Op.23","Drammatico
Allegretto
Andante
Presto con fuoco"
"Woo-Gil Park","Korean","23","Round 2: 30-Minute Recital","Carl Vine","Toccatissimo (2011)",""
"Woo-Gil Park","Korean","23","Round 1: 65-Minute Recital","Johann Sebastian Bach","Partita No.1 in B♭ Major BWV 825","Praeludium
Allemande
Corrente
Sarabande
Menuet I
Menuet II
Gigue"
"Woo-Gil Park","Korean","23","Round 1: 65-Minute Recital","Frédéric Chopin","","Mazurka Op.56 No.3
Ballade No.3 in A♭ Major Op.47"
"Woo-Gil Park","Korean","23","Round 1: 65-Minute Recital","Franz Liszt","Sonata in B minor S.183","Lento assai – Allegro energico – Grandioso – Recitativo – Andante sontsenuto – Quasi adagio – Allegro energico – Stretta quasi presto – Presto – Prestissimo – Andante sostenuto – Allegro moderato – Lento assai"
"Woo-Gil Park","Korean","23","Round 2: Accompaniment/Chamber Music","Johannes Brahms","Sonata for Violin and Piano No.3 in D minor Op.108","Allegro
Adagio
Un poco presto e con sentimento
Presto agitato"
"Woo-Gil Park","Korean","23","Round 2: Accompaniment/Chamber Music","Robert Schumann","Piano Quintet in E♭ Major Op.44","Allegro brillante
In modo d’una marcia. Un poco largarmente
Scherzo: Molto vivace
Allegro ma non troppo"
"Woo-Gil Park","Korean","23","Round 1: 18th Century Concerto","Wolfgang Amadeus Mozart","Concerto No.23 in A Major K.488","Allegro
Adagio
Allegro assai"
"Woo-Gil Park","Korean","23","Round 2: 19th or 20th Century Concerto","Sergei Rachmaninoff","Concerto No.2 in C minor Op.18","Moderato
Adagio sostenuto
Allegro scherzando"
"Edward Neeman","Australia","32","Round 1: 20-Minute Recital","Richard Meale","Coruscations (1971)",""
"Edward Neeman","Australia","32","Round 1: 20-Minute Recital","Franz Liszt","Polonaise No.2 in E Major S.223",""
"Edward Neeman","Australia","32","Round 2: 30-Minute Recital","Felix Mendelssohn","Fantasie in F♯ minor Op.28",""
"Edward Neeman","Australia","32","Round 2: 30-Minute Recital","Frédéric Chopin","Mazurka in C♯ minor Op. 63 No.3",""
"Edward Neeman","Australia","32","Round 2: 30-Minute Recital","Alexander Scriabin","Piano Sonata No.5 Op.53",""
"Edward Neeman","Australia","32","Round 1: 65-Minute Recital","Wolgang Amadeus Mozart","Sonata No.1 in C Major K.279","I. Allegro II. Andante III. Allegro"
"Edward Neeman","Australia","32","Round 1: 65-Minute Recital","Sergei Rachmaninoff","Études-Tableaux Op.39 Nos.1-9",""
"Edward Neeman","Australia","32","Round 1: 65-Minute Recital","Paul Schoenfield","Peccadilloes No.1 Allemande, No.4 Waltz, No.6 Boogie",""
"Edward Neeman","Australia","32","Round 2: Accompaniment/Chamber Music","Ludwig van Beethoven","Sonata for Piano and Violin No.9 in A Major Op.47 ‘Kreutzer’","I. Adagio sostenuto – Presto II. Andante con variazioni III. Presto"
"Edward Neeman","Australia","32","Round 2: Accompaniment/Chamber Music","Antonín Dvořák","Piano Quintet No.2 in A Major Op.81","I. Allegro, ma non tanto II. Dumka: Andante con moto III. Scherzo (Furiant): molto vivace IV. Finale: Allegro"
"Edward Neeman","Australia","32","Round 1: 18th Century Concerto","Wolfgang Amadeus Mozart","Concerto No.20 in D minor K.466","I. Allegro II. Romanze III. Allegro assai"
"Edward Neeman","Australia","32","Round 2: 19th or 20th Century Concerto","Tchaikovsky","Concerto No.2 in G Major Op.44","I. Allegro brillante II. Andante non tropppo III. Allegro con fuoco"
"Alexei Melnikov","Russian","26","Round 1: 20-Minute Recital","Claude Debussy","Préludes I. La Cathédrale engloutie from Book 1: II.Feux d'artifice from Book 2",""
"Alexei Melnikov","Russian","26","Round 1: 20-Minute Recital","Alexander Scriabin","Piano Sonata No.2 Op.19","Andante
Presto"
"Alexei Melnikov","Russian","26","Round 2: 30-Minute Recital","Peter Sculthorpe","Nocturne No.1 (1945)",""
"Alexei Melnikov","Russian","26","Round 2: 30-Minute Recital","Sergei Prokofiev","Piano Sonata No.6 in A Major Op.82","Allegro inquieto
Allegretto
Tempo di valzer, lentissimo
Vivace"
"Alexei Melnikov","Russian","26","Round 1: 65-Minute Recital","Franz Liszt","Rhapsodie Espagnole S.254",""
"Alexei Melnikov","Russian","26","Round 1: 65-Minute Recital","César Franck","Prélude, Chorale et Fugue",""
"Alexei Melnikov","Russian","26","Round 1: 65-Minute Recital","Mussorgsky","Pictures at an Exhibition","The Gnome [Promenade II]. Moderato commodo assai e con delicatezza
The Old Castle [Promenade III]. Moderato non tanto, pesamente
Tuileries
Cattle [Promenade IV]. Tranquillo
The Ballet of the Unhatched Chicks in their Shells
Samuel Goldenberg and Schmuÿle[Promenade V] Allegro giusto, nel modo russico; poco sostenuto
The Market at Limoges (The Great News)
Catacombs
The Hut on Fowl’s Legs
The Great Gate of Kiev"
"Alexei Melnikov","Russian","26","Round 2: Accompaniment/Chamber Music","Johannes Brahms","Sonata for Violin and Piano No.3 in D minor Op.108","Allegro
Adagio
Un poco presto e con sentimento
Presto agitato"
"Alexei Melnikov","Russian","26","Round 2: Accompaniment/Chamber Music","César Franck","Piano Quintet in F minor","Molto moderato quasi lento – Allegro
Lento con molto sentiment
Allegro non troppo ma con fuoco"
"Alexei Melnikov","Russian","26","Round 1: 18th Century Concerto","Ludwig van Beethoven","Concerto No.1 in C Major Op.15","Allegro con brio
Largo
Rondo. Allegro"
"Alexei Melnikov","Russian","26","Round 2: 19th or 20th Century Concerto","Sergei Prokofiev","Concerto No.3 in C Major Op.26","Andante. Allegro
Tema con variazioni
Allegro, ma non troppo"
"Martin Malmgren","Swedish","29","Round 1: 20-Minute Recital","Nikolai Medtner","Prologue: Andante cantabile from ‘Acht Stimmungsbilder Op.1’",""
"Martin Malmgren","Swedish","29","Round 1: 20-Minute Recital","Franz Liszt","Nuages gris S.199",""
"Martin Malmgren","Swedish","29","Round 1: 20-Minute Recital","Béla Bartók","3 Études Op.18 Sz.72","Allegro molto
Andante sostenuto
Rubato"
"Martin Malmgren","Swedish","29","Round 1: 20-Minute Recital","Brett Dean","Equality (2004)",""
"Martin Malmgren","Swedish","29","Round 2: 30-Minute Recital","Magnus Lindberg","Jubilees No.1 (2000)",""
"Martin Malmgren","Swedish","29","Round 2: 30-Minute Recital","Frédéric Chopin","Berceuse Op.57",""
"Martin Malmgren","Swedish","29","Round 2: 30-Minute Recital","Maurice Ravel","Gaspard de la nuit","Ondine
Le Gibet
Scarbo"
"Martin Malmgren","Swedish","29","Round 1: 65-Minute Recital","Robert Schumann","Gesänge der Frühe Op.133","Im ruhigen tempo
Belebt, nicht zu rasch
Lebhaft
Bewegt
Im Anfange ruhiges, im Verlauf bewegtes Tempo"
"Martin Malmgren","Swedish","29","Round 1: 65-Minute Recital","Karol Szymanowski","2 Mazurkas Op.62","Allegretto grazioso
Moderato"
"Martin Malmgren","Swedish","29","Round 1: 65-Minute Recital","Percy Grainger","Jutish Medley (1923-29)","Choosing the Bride
The Dragon’s Farewell
Husband and Wife
The Shoemaker from Jerusalem
Lord Peter’s Stable-boy"
"Martin Malmgren","Swedish","29","Round 1: 65-Minute Recital","Richard Meale","Coruscations (1971)",""
"Martin Malmgren","Swedish","29","Round 1: 65-Minute Recital","Maurice Ohana","Mouvements parallèles from ‘Études d'interpretation, Book 1’",""
"Martin Malmgren","Swedish","29","Round 1: 65-Minute Recital","Claude Debussy","Études Book 1","Pour les cinq doigts (after M. Czerny)
Pour les tierces
Pour les quartes
Pour les sixtes
Pour les octaves
Pour les huit doigts"
"Martin Malmgren","Swedish","29","Round 2: Accompaniment/Chamber Music","Ludwig van Beethoven","Sonata for Piano and Violin No.9 in A Major Op.47 ‘Kreutzer’","Adagio sostenuto – Presto
Andante con variazioni
Presto"
"Martin Malmgren","Swedish","29","Round 2: Accompaniment/Chamber Music","Ernest Bloch","Piano Quintet No.1","Agitato
Andante mistico
Allegro energico"
"Martin Malmgren","Swedish","29","Round 1: 18th Century Concerto","Johann Sebastian Bach","Concerto No.1 in D minor BWV 1052","Allegro
Adagio
Allegro"
"Martin Malmgren","Swedish","29","Round 2: 19th or 20th Century Concerto","Nikolai Medtner","Concerto No.2 in C minor Op.50","Toccata: Allegro risoluto
Romanza: Andante con moto
Divertimento: Allegro risoluto e molto vivace"
"Roman Lopatynskyi 2016","Ukrainian","23","Round 1: 20-Minute Recital","Joseph Haydn","Sonata in B minor Hob.XVI:32","Allegro moderato
Menuetto
Finale. Presto"
"Roman Lopatynskyi 2016","Ukrainian","23","Round 1: 20-Minute Recital","Pyotr Ilyich Tchaikovsky/Samuil Feinberg","Scherzo from ‘Symphony No.6’",""
"Roman Lopatynskyi 2016","Ukrainian","23","Round 2: 30-Minute Recital","Elena Kats-Chernin","Page Turn (2000)",""
"Roman Lopatynskyi 2016","Ukrainian","23","Round 2: 30-Minute Recital","Johannes Brahms","Intermezzo in E♭ minor Op.118 No.6",""
"Roman Lopatynskyi 2016","Ukrainian","23","Round 2: 30-Minute Recital","Igor Stravinsky","Trois movements de Pétrouchka","Danse Russe
Chez Pétrouchka
La semaine grasse"
"Roman Lopatynskyi 2016","Ukrainian","23","Round 1: 65-Minute Recital","Franz Schubert","Sonata No.14 in A minor D.784","Allegro gusto
Andante
Allegro vivace"
"Roman Lopatynskyi 2016","Ukrainian","23","Round 1: 65-Minute Recital","Paul Hindemith","Suite ‘1922’ Op.26","March
Shimmy
Nachtstück
Boston
Ragtime"
"Roman Lopatynskyi 2016","Ukrainian","23","Round 1: 65-Minute Recital","Sergei Rachmaninoff","from 10 Preludes Op.23","II. Maestoso in B♭ Major

X. Largo in G Major

from 13 Preludes Op.32

IV. Allegro con brio in E minor

XI. Allegretto in B Major

XII. Allegro in G# minor

XIII. Grave in D♭ Major"
"Roman Lopatynskyi 2016","Ukrainian","23","Round 2: Accompaniment/Chamber Music","Johannes Brahms","Sonata for Violin and Piano No.3 in D minor Op.108","Allegro
Adagio
Un poco presto e con sentimento
Presto agitato"
"Roman Lopatynskyi 2016","Ukrainian","23","Round 2: Accompaniment/Chamber Music","César Franck","Piano Quintet in F minor","Molto moderato quasi lento – Allegro
Lento con molto sentiment
Allegro non troppo ma con fuoco"
"Roman Lopatynskyi 2016","Ukrainian","23","Round 1: 18th Century Concerto","Wolfgang Amadeus Mozart","Concerto No.24 in C minor K.491","Allegro
Larghetto
Allegretto"
"Roman Lopatynskyi 2016","Ukrainian","23","Round 2: 19th or 20th Century Concerto","Sergei Rachmaninoff","Concerto No.2 in C minor Op.18","Moderato
Adagio sostenuto
Allegro scherzando"
"Quang Hong Luu","Vietnamese","26","Round 1: 20-Minute Recital","Frédéric Chopin","Polonaise in A♭ Major Op.53",""
"Quang Hong Luu","Vietnamese","26","Round 1: 20-Minute Recital","Alexander Scriabin","2 Poèms Op.32","F♯ Major
D major"
"Quang Hong Luu","Vietnamese","26","Round 1: 20-Minute Recital","Sergei Rachmaninoff","","Prelude in G♯ minor Op.32 No.12
Étude in C♯ minor Op.33 No.9"
"Quang Hong Luu","Vietnamese","26","Round 2: 30-Minute Recital","Carl Vine","Five Bagatelles (1994)","Darkly
Leggiero e legato
Gentle

Threnody"
"Quang Hong Luu","Vietnamese","26","Round 2: 30-Minute Recital","Franz Liszt","Après une Lecture de Dante: Fantasia quasi Sonata (from Années de Pèlerinage, Book II: Italie)",""
"Quang Hong Luu","Vietnamese","26","Round 1: 65-Minute Recital","Wolfgang Amadeus Mozart","Fantasy in D minor K.397",""
"Quang Hong Luu","Vietnamese","26","Round 1: 65-Minute Recital","Ludwig van Beethoven","Sonata No.23 in F minor Op.57 ‘Appasionata’","Allegro assai
Andante con moto
Allegro ma non troppo – Presto"
"Quang Hong Luu","Vietnamese","26","Round 1: 65-Minute Recital","Maurice Ravel","from Miroirs","Oiseaux Tristes
Une barque sur l’Océan
\Alborada del Gracioso"
"Quang Hong Luu","Vietnamese","26","Round 1: 65-Minute Recital","Franz Liszt","Vallee d'Obermann from ‘Années de Pèlerinage, Book I: Suisse’",""
"Quang Hong Luu","Vietnamese","26","Round 2: Accompaniment/Chamber Music","Johannes Brahms","Sonata for Violin and Piano No.3 in D minor Op.108","Allegro
Adagio
Un poco presto e con sentimento
Presto agitato"
"Quang Hong Luu","Vietnamese","26","Round 2: Accompaniment/Chamber Music","Robert Schumann","Piano Quintet in E♭ Major Op.44","Allegro brillante
In modo d’una marcia. Un poco largarmente
Scherzo: Molto vivace
Allegro ma non troppo"
"Quang Hong Luu","Vietnamese","26","Round 1: 18th Century Concerto","Ludwig van Beethoven","Concerto No.1 in C Major Op.15","Allegro con brio
Largo
Rondo. Allegro"
"Quang Hong Luu","Vietnamese","26","Round 2: 19th or 20th Century Concerto","Franz Liszt","Concerto No.2 in A Major S.125","Adagio sostenuto assai – Allegro agitato assai – Un poco più mosso – Tempo del andante
Allegro moderato
Allegro deciso – Marziale un poco meno allegro – Un poco animato – Un poco meno mosso
Allegro animato"
"Tony Lee","Australian","25","Round 1: 20-Minute Recital","Ludwig van Beethoven","Sonata No.13 in E♭ Major Op.27 No.1","Andante – Allegro – Andante
Allegro molto e vivace
Adagio con espressione
Allegro vivace"
"Tony Lee","Australian","25","Round 1: 20-Minute Recital","Sergei Rachmaninoff","Daisies Op.38 No.3",""
"Tony Lee","Australian","25","Round 1: 20-Minute Recital","Sergei Rachmaninoff","Oriental Sketch",""
"Tony Lee","Australian","25","Round 1: 20-Minute Recital","César Franck","Prélude, Chorale and Fugue",""
"Tony Lee","Australian","25","Round 1: 20-Minute Recital","Arthur Benjamin","Études Improvisées",""
"Tony Lee","Australian","25","Round 1: 20-Minute Recital","Arthur Benjamin","Scherzino (1936)",""
"Tony Lee","Australian","25","Round 1: 20-Minute Recital","Alexander Scriabin","Piano Sonata No.4 in F♯ Major Op.30","Andante
Prestissimo volando"
"Tony Lee","Australian","25","Round 1: 65-Minute Recital","Franz Schubert","3 Klavierstücke D.946","Allegro assai
Allegretto
Allegro"
"Tony Lee","Australian","25","Round 1: 65-Minute Recital","Frédéric Chopin","","Waltz in E Major Op. Posthumous
Mazurka in C♯ minor Op.50 No.3
Mazurka in B minor Op.30 No.2
Waltz in A♭ Major Op.42"
"Tony Lee","Australian","25","Round 1: 65-Minute Recital","Sergei Prokofiev","Sonata No.7 Op.83","Allegro inquieto
Andante caloroso
Precipitato"
"Tony Lee","Australian","25","Round 2: Accompaniment/Chamber Music","Johannes Brahms","Sonata for Violin and Piano No.3 in D minor Op.108","Allegro
Adagio
Un poco presto e con sentimento
Presto agitato"
"Tony Lee","Australian","25","Round 2: Accompaniment/Chamber Music","Antonín Dvořák","Piano Quintet No.2 in A Major Op.81","Allegro, ma non tanto
Dumka: Andante con moto
Scherzo (Furiant): molto vivace
Finale: Allegro"
"Tony Lee","Australian","25","Round 1: 18th Century Concerto","Ludwig van Beethoven","Concerto No.2 in B♭ Major Op.19","Allegro con brio
Adagio
Rondo, Molto allegro"
"Tony Lee","Australian","25","Round 2: 19th or 20th Century Concerto","Sergei Rachmaninoff","Concerto No.2 in C minor Op.18","Moderato
Adagio sostenuto
Allegro scherzando"
"Daniel Lebhardt","Hungarian","-2","Round 1: 20-Minute Recital","Johann Sebastian Bach","Partita No.1 in B♭ Major BWV 825","Praeludium
Allemande
Corrente
Sarabande
Menuet I
Menuet II
Gigue"
"Daniel Lebhardt","Hungarian","-2","Round 1: 20-Minute Recital","Graham Hair","Under Aldebaran (1984)",""
"Daniel Lebhardt","Hungarian","-2","Round 1: 20-Minute Recital","Béla Bartók","Étude Op.18 No.1 Allegro molto",""
"Daniel Lebhardt","Hungarian","-2","Round 2: 30-Minute Recital","Ludwig van Beethoven","Sonata No.16 in G Major Op.31 No.1","Allegro vivace
Adagio grazioso
Rondo. Allegretto – Presto"
"Daniel Lebhardt","Hungarian","-2","Round 2: 30-Minute Recital","Maurice Ravel","Jeux d’eau",""
"Daniel Lebhardt","Hungarian","-2","Round 2: 30-Minute Recital","Sergei Rachmaninoff","Étude-Tableau in E♭ Major Op.33 No.7",""
"Daniel Lebhardt","Hungarian","-2","Round 1: 65-Minute Recital","Johannes Brahms","","Intermezzo in A Major Op.118 No.2
Intermezzo in E♭ minor Op.118 No.6"
"Daniel Lebhardt","Hungarian","-2","Round 1: 65-Minute Recital","Maurice Ravel","Gaspard de la nuit","Ondine
Le Gibet
Scarbo"
"Daniel Lebhardt","Hungarian","-2","Round 1: 65-Minute Recital","Franz Liszt","Sonata in B minor S.178","Lento assai – Allegro energico – Grandioso – Recitativo – Andante sontsenuto – Quasi adagio – Allegro energico – Stretta quasi presto – Presto – Prestissimo – Andante sostenuto – Allegro moderato – Lento assai"
"Daniel Lebhardt","Hungarian","-2","Round 2: Accompaniment/Chamber Music","César Franck","Sonata for Violin and Piano in A Major","Allegretto ben moderato
Allegro
Ben moderato: Recitative-Fantasia
Allegretto poco mosso"
"Daniel Lebhardt","Hungarian","-2","Round 2: Accompaniment/Chamber Music","Robert Schumann","Piano Quintet in E♭ Major Op.44","Allegro brillante
In modo d’una marcia. Un poco largarmente
Scherzo: Molto vivace
Allegro ma non troppo"
"Daniel Lebhardt","Hungarian","-2","Round 1: 18th Century Concerto","Wolfgang Amadeus Mozart","Concerto No.26 in D Major K.537","Allegro
Larghetto
Allegretto"
"Daniel Lebhardt","Hungarian","-2","Round 2: 19th or 20th Century Concerto","Johannes Brahms","Concerto No.2 in B♭ Major Op.83","Allegro non troppo
Allegro appassionato
Andante
Allegretto grazioso"
"Daniel Le","Australian","24","Round 1: 20-Minute Recital","Michael Kieran Harvey","Toccata DNA (1993)",""
"Daniel Le","Australian","24","Round 1: 20-Minute Recital","Frédéric Chopin","Ballade No.4 Op.52",""
"Daniel Le","Australian","24","Round 2: 30-Minute Recital","Carl Vine","Toccatissimo (2011)",""
"Daniel Le","Australian","24","Round 2: 30-Minute Recital","Franz Liszt","Transcendental Étude No.10 in F minor",""
"Daniel Le","Australian","24","Round 2: 30-Minute Recital","Sergei Rachmaninoff","Sonata No.2 in B♭ minor Op.36 (revised version)","Allegro agitato
Non allegro
Allegro molto"
"Daniel Le","Australian","24","Round 1: 65-Minute Recital","Johann Sebastian Bach","Toccata in E minor BWV 914",""
"Daniel Le","Australian","24","Round 1: 65-Minute Recital","Ludwig van Beethoven","Piano Sonata No.31 in A♭ Major Op.110","Moderato cantabile molto espressivo
Allegro molto
Adagio ma non troppo"
"Daniel Le","Australian","24","Round 1: 65-Minute Recital","César Franck","Prélude, Chorale et Fugue",""
"Daniel Le","Australian","24","Round 1: 65-Minute Recital","Alexander Scriabin","Piano Sonata No.5 Op.53",""
"Daniel Le","Australian","24","Round 2: Accompaniment/Chamber Music","César Franck","Sonata for Violin and Piano in A Major","Allegretto ben moderato
Allegro
Ben moderato: Recitative-Fantasia
Allegretto poco mosso"
"Daniel Le","Australian","24","Round 2: Accompaniment/Chamber Music","Antonín Dvořák","Piano Quintet No.2 in A Major Op.81","Allegro, ma non tanto
Dumka: Andante con moto
Scherzo (Furiant): molto vivace
Finale: Allegro"
"Daniel Le","Australian","24","Round 1: 18th Century Concerto","Wolfgang Amadeaus Mozart","Concerto No.25 in C Major K.503","Allegro maestoso
Andante
Allegretto"
"Daniel Le","Australian","24","Round 2: 19th or 20th Century Concerto","Sergei Rachmaninoff","Concerto No.2 in C minor Op.18","Moderato
Adagio sostenuto
Allegro scherzando"
"Jianing Kong","Chinese","30","Round 1: 20-Minute Recital","Johann Sebastian Bach","The Well-Tempered Clavier Book I: Prelude and Fugue in G♯ minor",""
"Jianing Kong","Chinese","30","Round 1: 20-Minute Recital","Graham Hair","Under Aldebaran (1984)",""
"Jianing Kong","Chinese","30","Round 1: 20-Minute Recital","Maurice Ravel","Scarbo from ‘Gaspard de la Nuit’",""
"Jianing Kong","Chinese","30","Round 2: 30-Minute Recital","Domenico Scarlatti","","Sonata in G Major K.454
Sonata in G Major K.455"
"Jianing Kong","Chinese","30","Round 2: 30-Minute Recital","Frédéric Chopin","Études Nos.1-6 and 8-12 Op.25","A♭ Major
F minor
F Major
A minor
E minor
G♯ minor
D♭ Major
G♭ Major
B minor
A minor
C minor"
"Jianing Kong","Chinese","30","Round 1: 65-Minute Recital","Johann Sebastian Bach","Aria variata alla maniera italiana in A minor BWV 989",""
"Jianing Kong","Chinese","30","Round 1: 65-Minute Recital","Ludwig van Beethoven","33 Variations on a waltz by Anton Diabelli Op.120",""
"Jianing Kong","Chinese","30","Round 1: 65-Minute Recital","Tema","Vivace","Alla marcia maestoso
Poco allegro
L’istesso tempo
Un poco più vivace
Allegro vivace
Allegro ma non troppo e serioso

Un poco più allegro
Poco vivace
Allegro pesante e risoluto
Presto
Allegretto
Un poco più moto
Vivace
Grave e maestoso
Presto scherzando
Allegro
Allegro
Poco moderato
Presto
Andante
Allegro con brio – meno allegro – Tempo primo
Allegro molto, alla ‘Notte e giorno faticar’ di Mozart
Allegro assai xxiv Fughetta (Andante)
Allegro
Piacevole
Vivace
Allegro
Adagio ma non troppo
Andante, sempre cantabile
Largo, molto espressivo
Fuga: Allegro
Tempo di menuetto moderato"
"Jianing Kong","Chinese","30","Round 2: Accompaniment/Chamber Music","Ludwig van Beethoven","Sonata for Piano and Violin No.9 in A Major Op.47 ‘Kreutzer’","Adagio sostenuto – Presto
Andante con variazioni
Presto"
"Jianing Kong","Chinese","30","Round 2: Accompaniment/Chamber Music","Robert Schumann","Piano Quintet in E♭ Major Op.44","Allegro brillante
In modo d’una marcia. Un poco largarmente
Scherzo: Molto vivace
Allegro ma non troppo"
"Jianing Kong","Chinese","30","Round 1: 18th Century Concerto","Wolfgang Amadeus Mozart","Concerto No.21 in C Major K.467","Allegro maestoso
Andante
Allegro vivace assai"
"Jianing Kong","Chinese","30","Round 2: 19th or 20th Century Concerto","Johannes Brahms","Concerto No.2 in B♭ Major Op.83","Allegro non troppo
Allegro appassionato
Andante
Allegretto grazioso"
"Alyosha Jurinic","Croatian","27","Round 1: 20-Minute Recital","Claude Debussy","Rêverie",""
"Alyosha Jurinic","Croatian","27","Round 1: 20-Minute Recital","Ludwig van Beethoven","Sonata No.13 in E♭ Major Op.27 No.1","Andante – Allegro – Andante
Allegro molto e vivace
Adagio con espressione
Allegro vivace"
"Alyosha Jurinic","Croatian","27","Round 2: 30-Minute Recital","Roy Agnew","Poem No.1 (1922)",""
"Alyosha Jurinic","Croatian","27","Round 2: 30-Minute Recital","Frédéric Chopin","Sonata No.3 in B minor Op.58","Allegro maestoso
Scherzo: Molto vivace
Largo
Finale: Presto non tanto; Agitato"
"Alyosha Jurinic","Croatian","27","Round 1: 65-Minute Recital","Robert Schumann","Sonata No.1 in F♯ minor Op.11","Introduzione: Un poco Adagio – Allegro vivace
Aria
Scherzo: Allegrissimo – intermezzo: Lento
Finale: Allegro, un poco maestoso"
"Alyosha Jurinic","Croatian","27","Round 1: 65-Minute Recital","Claude Debussy","Images Book 2","Cloches à travers les feuilles
Et la lune descend sur le temple qui fut
Poissons d’or"
"Alyosha Jurinic","Croatian","27","Round 1: 65-Minute Recital","Franz Liszt","Étude de concert S.144 No.2","Hungarian Rhapsody No.11 in A minor S.244"
"Alyosha Jurinic","Croatian","27","Round 2: Accompaniment/Chamber Music","César Franck","Sonata for Violin and Piano in A Major","Allegretto ben moderato
Allegro
Ben moderato: Recitative-Fantasia
Allegretto poco mosso"
"Alyosha Jurinic","Croatian","27","Round 2: Accompaniment/Chamber Music","Robert Schumann","Piano Quintet in E♭ Major Op.44","Allegro brillante
In modo d’una marcia. Un poco largarmente
Scherzo: Molto vivace
Allegro ma non troppo"
"Alyosha Jurinic","Croatian","27","Round 1: 18th Century Concerto","Wolfgang Amadeus Mozart","Concerto No.26 in D Major K.537","Allegro
Larghetto
Allegretto"
"Alyosha Jurinic","Croatian","27","Round 2: 19th or 20th Century Concerto","Sergei Rachmaninoff","Concerto No.2 in C minor Op.18","Moderato
Adagio sostenuto
Allegro scherzando"
"Fantee Jones","Taiwanese American","23","Round 1: 20-Minute Recital","Joseph Haydn","Sonata in E Major HobXVI:31","Moderato
Allegretto
Finale. Presto"
"Fantee Jones","Taiwanese American","23","Round 1: 20-Minute Recital","Percy Grainger","Country Gardens (1918)",""
"Fantee Jones","Taiwanese American","23","Round 1: 20-Minute Recital","Henri Dutilleux","Sonata III: Choral et Variations",""
"Fantee Jones","Taiwanese American","23","Round 2: 30-Minute Recital","Frédéric Chopin","","Waltz Op.70 No. 2
Waltz Op.34 No.3"
"Fantee Jones","Taiwanese American","23","Round 2: 30-Minute Recital","Robert Schumann","Carnaval Op.9","Préambule
Pierrot
Arlequin
Valse Noble
Eusebius
Florestan
Coquette
Réplique (Sphinxes)
Papillons X. A.S.C.H. – S.C.H.A:Lettres Dansantes
Chiarina
Chopin
Estrella
Reconnaissance
Pantalon et Colombine
Valse allemande. Intermezzo: Paganini
Aveu
Promenade
Pause
Marche des ‘Davidsbundler’ contre les Philistins"
"Fantee Jones","Taiwanese American","23","Round 1: 65-Minute Recital","Franz Schubert","Fantasie in C Major D.760 (Wanderer)","Allegro con fuoco ma non troppo
Adagio
Allegro
Allegro"
"Fantee Jones","Taiwanese American","23","Round 1: 65-Minute Recital","Frédéric Chopin","12 Études Op.25","A♭ Major
F minor
F Major
A minor
E minor
G♯ minor
C♯ minor
D♭ Major
G♭ Major
B minor
A minor
C minor"
"Fantee Jones","Taiwanese American","23","Round 1: 65-Minute Recital","Charles Gounod/Franz Liszt","Waltz from ‘Faust’",""
"Fantee Jones","Taiwanese American","23","Round 2: Accompaniment/Chamber Music","César Franck","Sonata for Violin and Piano in A Major","Allegretto ben moderato
Allegro
Ben moderato: Recitative-Fantasia
Allegretto poco mosso"
"Fantee Jones","Taiwanese American","23","Round 2: Accompaniment/Chamber Music","Robert Schumann","Piano Quintet in E♭ Major Op.44","Allegro brillante
In modo d’una marcia. Un poco largarmente
Scherzo: Molto vivace
Allegro ma non troppo"
"Fantee Jones","Taiwanese American","23","Round 1: 18th Century Concerto","Wolfgang Amadeus Mozart","Concerto No.24 in C minor K.491","Allegro
Larghetto
Allegretto"
"Fantee Jones","Taiwanese American","23","Round 2: 19th or 20th Century Concerto","Sergei Prokofiev","Concerto No.3 in C Major Op.26","Andante. Allegro
Tema con variazioni
Allegro, ma non troppo"
"Gyu Tae Ha","Korean","20","Round 1: 20-Minute Recital","Frédéric Chopin","Nocturne Op.27 No.2 in D♭ Major",""
"Gyu Tae Ha","Korean","20","Round 1: 20-Minute Recital","Franz Liszt","Mephisto Waltz No.1 S.514",""
"Gyu Tae Ha","Korean","20","Round 2: 30-Minute Recital","Ludwig van Beethoven","Sonata No.27 in E minor Op.90","Mit Lebhaftigkeit und durchaus mit Empfindung und Ausdruck
Nicht zu geschwind und sehr singbar vorgetragen"
"Gyu Tae Ha","Korean","20","Round 2: 30-Minute Recital","Carl Vine","Piano Sonata No.1 (1990)","Lento
Leggiero e legato"
"Gyu Tae Ha","Korean","20","Round 1: 65-Minute Recital","Joseph Haydn","Sonata in B minor HobXVI:32","Allegro moderato
Menuetto
Finale. Presto"
"Gyu Tae Ha","Korean","20","Round 1: 65-Minute Recital","Robert Schumann","Kreisleriana Op.16","Äusserst bewegt
Sehr innig und nicht zu rasch
Sehr autgeregt
Sehr langsam
Sehr lebhaft
Sehr langsam
Sehr rasch
Schnell und spielend"
"Gyu Tae Ha","Korean","20","Round 1: 65-Minute Recital","Sergei Prokofiev","Piano Sonata No.7 Op.83","Allegro inquieto

Andante caloroso
Precipitato"
"Gyu Tae Ha","Korean","20","Round 2: Accompaniment/Chamber Music","Johannes Brahms","Sonata for Violin and Piano No.3 in D minor Op.108","Allegro
Adagio
Un poco presto e con sentimento
Presto agitato"
"Gyu Tae Ha","Korean","20","Round 2: Accompaniment/Chamber Music","Robert Schumann","Piano Quintet in E♭ Major Op.44","Allegro brillante
In modo d’una marcia. Un poco largarmente
Scherzo: Molto vivace
Allegro ma non troppo"
"Gyu Tae Ha","Korean","20","Round 1: 18th Century Concerto","Wolfgang Amadeus Mozart","Concerto No.20 in D minor K.466","Allegro
Romanze
Allegro assai"
"Gyu Tae Ha","Korean","20","Round 2: 19th or 20th Century Concerto","Ludwig van Beethoven","Concerto No.4 in G Major Op.58","Allegro moderato
Andante con moto
Rondo (Vivace)"
"Andrey Gugnin.","Russian","29","Round 1: 20-Minute Recital","Ludwig van Beethoven","Fantasia in G minor Op.77","Faribolo Pastour S.236/1
Transcendental Étude No.5 ‘Feux Follets’"
"Andrey Gugnin.","Russian","29","Round 2: 30-Minute Recital","Vsevolod Zaderatsky","Prelude and Fugue D Major from ‘24 Preludes and Fugues’",""
"Andrey Gugnin.","Russian","29","Round 2: 30-Minute Recital","Michael Kieran Harvey","48 Fugues for Frank Zappa No.6: G-Spot Tornado (2009)",""
"Andrey Gugnin.","Russian","29","Round 2: 30-Minute Recital","Jean Sibelius","Impromptu in B minor Op.5 No.5",""
"Andrey Gugnin.","Russian","29","Round 2: 30-Minute Recital","Maurice Ravel","Miroirs No.3 ‘Une Barque sur l’Ocean’",""
"Andrey Gugnin.","Russian","29","Round 2: 30-Minute Recital","Mily Balakirev","Islamey – Fantasie orientale Op.18",""
"Andrey Gugnin.","Russian","29","Round 1: 65-Minute Recital","Nikolai Medtner","Sonata Op.53 No.1 ‘Romantica’","Romanza: Andantino con moto, ma sempre espressivo
Scherzo: Allegro
Meditazione: Andante con moto
Finale: Allegro non troppo"
"Andrey Gugnin.","Russian","29","Round 1: 65-Minute Recital","Alexander Scriabin","Three Pieces Op.45","Feuillet d’album
Poème fantasque
Prélude"
"Andrey Gugnin.","Russian","29","Round 1: 65-Minute Recital","Frédéric Chopin","12 Études Op.25","A♭ Major
F minor
F Major
A minor
E minor
G♯ minor
C♯ minor
D♭ Major
G♭ Major
B minor
A minor
C minor"
"Andrey Gugnin.","Russian","29","Round 2: Accompaniment/Chamber Music","Ludwig van Beethoven","Sonata for Piano and Violin No.9 in A Major Op.47 ‘Kreutzer’","Adagio sostenuto – Presto
Andante con variazioni
Presto"
"Andrey Gugnin.","Russian","29","Round 2: Accompaniment/Chamber Music","César Franck","Piano Quintet in F minor","Molto moderato quasi lento – Allegro
Lento con molto sentiment
Allegro non troppo ma con fuoco"
"Andrey Gugnin.","Russian","29","Round 1: 18th Century Concerto","Wolfgang Amadeus Mozart","Concerto No.9 in E♭ Major K.271","Allegro
Andantino
Rondo. Presto"
"Andrey Gugnin.","Russian","29","Round 2: 19th or 20th Century Concerto","Sergei Prokofiev","Concerto No.3 in C Major Op.26","Andante. Allegro
Tema con variazioni
Allegro, ma non troppo"
"Ayesha Gough","Australian","22","Round 1: 20-Minute Recital","Pyotr Ilyich Tchaikovsky","Dumka Op.59",""
"Ayesha Gough","Australian","22","Round 1: 20-Minute Recital","Peter Sculthorpe","Djilile (1986)",""
"Ayesha Gough","Australian","22","Round 1: 20-Minute Recital","Rodion Shchedrin/Mikhail Pletnev","Prologue and Horse-Racing from the ballet ‘Anna Karenina’",""
"Ayesha Gough","Australian","22","Round 2: 30-Minute Recital","Giuseppe Verdi/Franz Liszt","Miserere du Trovatore S.433",""
"Ayesha Gough","Australian","22","Round 2: 30-Minute Recital","Franz Schubert","Grazer Fantasie in C Major D.605a",""
"Ayesha Gough","Australian","22","Round 2: 30-Minute Recital","Michael Kieran Harvey","Toccata DNA (1993)",""
"Ayesha Gough","Australian","22","Round 1: 65-Minute Recital","Ludwig van Beethoven","Sonata in C minor No.32 Op.111","Maestoso – Allegro con brio ed appassionato
Arietta: Adagio molto semplice e cantabile"
"Ayesha Gough","Australian","22","Round 1: 65-Minute Recital","Sergei Prokofiev","Piano Sonata No.6 in A Major Op.82","Allegro inquieto
Allegretto
Tempo di valzer, lentissimo
Vivace"
"Ayesha Gough","Australian","22","Round 2: Accompaniment/Chamber Music","Gabriel Fauré","Sonata for Violin and Piano No.1 in A Major Op.13","Allegro molto

Andante
Allegro vivo
Allegro quasi presto"
"Ayesha Gough","Australian","22","Round 2: Accompaniment/Chamber Music","Ernest Bloch","Piano Quintet No.1","Agitato
Andante mistico
Allegro energico"
"Ayesha Gough","Australian","22","Round 1: 18th Century Concerto","Ludwig van Beethoven","Concerto No.1 in C Major Op.15","Allegro con brio
Largo
Rondo. Allegro"
"Ayesha Gough","Australian","22","Round 2: 19th or 20th Century Concerto","Sergei Prokofiev","Concerto No.3 in C Major Op.26","Andante. Allegro
Tema con variazioni
Allegro, ma non troppo"
"Lindsay Garritson","American","29","Round 1: 20-Minute Recital","Alexander Scriabin","Piano Sonata in G♯ minor No.2 Op.19","Andante
Presto"
"Lindsay Garritson","American","29","Round 1: 20-Minute Recital","Carl Vine","Toccatissimo (2011)",""
"Lindsay Garritson","American","29","Round 2: 30-Minute Recital","Franz Liszt","Rhapsodie Espagnole S.254",""
"Lindsay Garritson","American","29","Round 2: 30-Minute Recital","Franz Schubert/Franz Liszt","Ständchen D.889",""
"Lindsay Garritson","American","29","Round 2: 30-Minute Recital","Béla Bartók","Sonata Sz.80","Allegro moderato
Sostenuto e pesante
Allegro molto"
"Lindsay Garritson","American","29","Round 1: 65-Minute Recital","Robert Schumann","Grand Sonata No.3 in F minor Op.14","Allegro
Scherzo Vivacissimo
Scherzo molto comodo
Quasi variazioni-Andantino de Clara Wieck
Prestissimo possibile"
"Lindsay Garritson","American","29","Round 1: 65-Minute Recital","Mikhail Glinka/Mily Balakirev","The Lark",""
"Lindsay Garritson","American","29","Round 1: 65-Minute Recital","Sergei Prokofiev","Piano Sonata No.6 in A Major Op.82","Allegro inquieto
Allegretto
Tempo di valzer, lentissimo
Vivace"
"Lindsay Garritson","American","29","Round 2: Accompaniment/Chamber Music","Richard Strauss","Sonata for Violin and Piano in E♭ Major Op.18","Allegro, ma non troppo
Improvisation: Andante cantabile
Finale: Andante – Allegro"
"Lindsay Garritson","American","29","Round 2: Accompaniment/Chamber Music","Antonín Dvořák","Piano Quintet No.2 in A Major Op.81","Allegro, ma non tanto
Dumka: Andante con moto
Scherzo (Furiant): molto vivace
Finale: Allegro"
"Lindsay Garritson","American","29","Round 1: 18th Century Concerto","Wolfgang Amadeus Mozart","Concerto No.20 in D minor K.466","Allegro
Romanze
Allegro assai"
"Lindsay Garritson","American","29","Round 2: 19th or 20th Century Concerto","Camille Saint-Saëns","Concerto No.2 in G minor Op.22","Andante sostenuto
Allegro scherzando
Presto"
"Yui Fushiki","Japanese","25","Round 1: 20-Minute Recital","Frédéric Chopin","Polonaise Fantasie in A♭ Major Op.61",""
"Yui Fushiki","Japanese","25","Round 1: 20-Minute Recital","Peter Sculthorpe","Harbour Dreaming (2000)",""
"Yui Fushiki","Japanese","25","Round 2: 30-Minute Recital","Joseph Haydn","Sonata in E minor HobXVI:34","Presto
Adagio
Finale. Molto vivace"
"Yui Fushiki","Japanese","25","Round 2: 30-Minute Recital","Béla Bartók","Dance Suite","Moderato
Allegro molto
Allegro vivace
Molto tranquillo
Comodo
Finale. Allegro"
"Yui Fushiki","Japanese","25","Round 1: 65-Minute Recital","Johann Sebastian Bach/Busoni","Toccata, Adagio and Fugue in C Major",""
"Yui Fushiki","Japanese","25","Round 1: 65-Minute Recital","Gabriel Fauré","Ballade in F# major Op.19",""
"Yui Fushiki","Japanese","25","Round 1: 65-Minute Recital","Robert Schumann","Carnaval Op.9","Préambule
Pierrot
Arlequin
Valse Noble
Eusebius
Florestan
Coquette
Réplique (Sphinxes)
Papillons X. A.S.C.H. – S.C.H.A:Lettres Dansantes
Chiarina
Chopin
Estrella
Reconnaissance
Pantalon et Colombine
Valse allemande. Intermezzo: Paganini
Aveu
Promenade
Pause
Marche des ‘Davidsbundler’ contre les Philistins"
"Yui Fushiki","Japanese","25","Round 2: Accompaniment/Chamber Music","César Franck","Sonata for Violin and Piano in A Major","Allegretto ben moderato
Allegro
Ben moderato: Recitative-Fantasia
Allegretto poco mosso"
"Yui Fushiki","Japanese","25","Round 2: Accompaniment/Chamber Music","Antonín Dvořák","Piano Quintet No.2 in A Major Op.81","Allegro, ma non tanto
Dumka: Andante con moto
Scherzo (Furiant): molto vivace
Finale: Allegro"
"Yui Fushiki","Japanese","25","Round 1: 18th Century Concerto","Wolfgang Amadeus Mozart","Concerto No.23 in A Major K.488","Allegro
Adagio
Allegro assai"
"Yui Fushiki","Japanese","25","Round 2: 19th or 20th Century Concerto","Ludwig van Beethoven","Concerto No.4 in G Major Op.58","Allegro moderato
Andante con moto
Rondo (Vivace)"
"Peter de Jager","Australian","27","Round 1: 20-Minute Recital","Alessandro Scarlatti","","Sonata in D Major K.490 L.206
Sonata in D Major K.491 L.164
Sonata in C Major K.420 L.502
Sonata in C Major K.421 L.252"
"Peter de Jager","Australian","27","Round 1: 20-Minute Recital","György Ligeti","","Études pour piano, premier livre: II. ‘Cordes à vide’ IV. ‘Fanfares’"
"Peter de Jager","Australian","27","Round 2: 30-Minute Recital","Sergei Lyapunov","Transcendental Étude Op.11 No.10 in B minor ‘Lesghinka’",""
"Peter de Jager","Australian","27","Round 2: 30-Minute Recital","Chris Dench","Tiento de medio registro alto (1978 rev. 2003)",""
"Peter de Jager","Australian","27","Round 2: 30-Minute Recital","Karol Szymanowski","Piano Sonata No.3 Op.36",""
"Peter de Jager","Australian","27","Round 1: 65-Minute Recital","Johann Sebastian Bach","Toccata in F# minor BWV 910",""
"Peter de Jager","Australian","27","Round 1: 65-Minute Recital","Ferruccio Busoni","Sonatina Seconda BV.259",""
"Peter de Jager","Australian","27","Round 1: 65-Minute Recital","Leopold Godowsky","from Java Suite: IX. ‘In the streets of old Batavia’","X. ‘In the Kraton’"
"Peter de Jager","Australian","27","Round 1: 65-Minute Recital","Charles-Valentin Alkan","Symphonie pour piano seul from Douze Études dans les tons mineurs Op.39 Nos. 4-7","Allegro
Marche Funèbre
Menuet IV.Finale"
"Peter de Jager","Australian","27","Round 2: Accompaniment/Chamber Music","Gabriel Fauré","Sonata for Violin and Piano No.1 in A Major Op.13","Allegro molto
Andante
Allegro vivo
Allegro"
"Peter de Jager","Australian","27","Round 2: Accompaniment/Chamber Music","César Franck","Piano Quintet in F minor","Molto moderato uasi lento – Allegro
Lento con molto sentiemtn
Allegro non troppo ma con fuoco"
"Peter de Jager","Australian","27","Round 1: 18th Century Concerto","Wolfgang Amadeus Mozart","Concerto No.23 in A major K488","Allegro
Adagio
Allegro assai"
"Peter de Jager","Australian","27","Round 2: 19th or 20th Century Concerto","Camille Saint-Saëns","Concerto No.2 in G minor Op.22","Andante sostenuto
Allegro scherzando
Presto"
"Rachel Cheung","Hong Kong","25","Round 1: 20-Minute Recital","Domenico Scarlatti","Sonata in C Major K.384",""
"Rachel Cheung","Hong Kong","25","Round 1: 20-Minute Recital","Domenico Scarlatti","Sonata in A Major K.39",""
"Rachel Cheung","Hong Kong","25","Round 1: 20-Minute Recital","Johannes Brahms","4 Klavierstücke Op.119","I. Intermezzo II. Intermezzo III. Intermezzo IV. Rhapsody"
"Rachel Cheung","Hong Kong","25","Round 2: 30-Minute Recital","Ludwig van Beethoven","Sonata No.27 in E minor Op.90","I. Mit Lebhaftigkeit und durchaus mit Empfindung und Ausdruck II. Nicht zu geschwind und sehr singbar vorgetragen"
"Rachel Cheung","Hong Kong","25","Round 2: 30-Minute Recital","Roger Smalley","Morceau de concours (2007)",""
"Rachel Cheung","Hong Kong","25","Round 2: 30-Minute Recital","Alexander Scriabin","Piano Sonata No.4 in F♯ Major Op.30","I. Andante II. Prestissimo volando"
"Rachel Cheung","Hong Kong","25","Round 1: 65-Minute Recital","Franz Schubert","3 Klavierstücke D.946","I. Allegro assai"
"Rachel Cheung","Hong Kong","25","Round 1: 65-Minute Recital","Maurice Ravel","Miroirs No.3 ‘Une Barque sur l’Ocean’",""
"Rachel Cheung","Hong Kong","25","Round 1: 65-Minute Recital","Sergei Prokofiev","Piano Sonata No.6 in A Major Op.82","I. Allegroinquieto"
"Rachel Cheung","Hong Kong","25","Round 2: Accompaniment/Chamber Music","César Franck","Sonata for Violin and Piano in A Major","I. 
Allegretto ben moderato"
"Rachel Cheung","Hong Kong","25","Round 2: Accompaniment/Chamber Music","Antonín Dvořák","Piano Quintet No.2 in A Major Op.81","I. Allegro, ma non tanto"
"Rachel Cheung","Hong Kong","25","Round 1: 18th Century Concerto","Wolfgang Amadeus Mozart","Concerto No.20 in D minor K.466","I. Allegro"
"Rachel Cheung","Hong Kong","25","Round 2: 19th or 20th Century Concerto","Ludwig van Beethoven","Concerto No.4 in G Major Op.58","I. Allegro moderato"
"Moye Chen","Chinese","33","Round 1: 20-Minute Recital","Domenico Scarlatti","Sonata in G minor K.8",""
"Moye Chen","Chinese","33","Round 1: 20-Minute Recital","Edvard Grieg","from Lyric Pieces","‘Butterfly’ Op.43 No.1
‘March of the Dwarfs’ Op.54 No.3"
"Moye Chen","Chinese","33","Round 1: 20-Minute Recital","Franz Liszt/Vladimir Horowitz","Hungarian Rhapsody No.19 in D minor S.244",""
"Moye Chen","Chinese","33","Round 2: 30-Minute Recital","Percy Grainger","Ramble on Love from Richard Strauss's ‘Der Rosenkavalier’ (1922)",""
"Moye Chen","Chinese","33","Round 2: 30-Minute Recital","Sergei Rachmaninoff","Sonata No.2 in B♭ minor Op.36 (Combined Version)","Allegro agitato
Non allegro
Allegro molto"
"Moye Chen","Chinese","33","Round 1: 65-Minute Recital","Alexander Scriabin","Poème No.1 in F♯ Major Op.32",""
"Moye Chen","Chinese","33","Round 1: 65-Minute Recital","Alexander Scriabin","Piano Sonata No.10 Op.70",""
"Moye Chen","Chinese","33","Round 1: 65-Minute Recital","Wolfgang Amadeus Mozart","Sonata No.10 in C Major K.330","Allegro moderato
Andante cantabile
Allegretto"
"Moye Chen","Chinese","33","Round 1: 65-Minute Recital","Franz Liszt","Sonata in B minor S.178","Lento assai – Allegro energico – Grandioso – Recitativo – Andante sontsenuto – Quasi adagio – Allegro energico – Stretta quasi presto – Presto – Prestissimo – Andante sostenuto – Allegro moderato – Lento assai"
"Moye Chen","Chinese","33","Round 2: Accompaniment/Chamber Music","César Franck","Sonata for Violin and Piano in A Major","Allegretto ben moderato
Allegro
Ben moderato: Recitative-Fantasia
Allegretto poco mosso"
"Moye Chen","Chinese","33","Round 2: Accompaniment/Chamber Music","Antonín Dvořák","Piano Quintet No.2 in A Major Op.81","Allegro, ma non tanto
Dumka: Andante con moto
Scherzo (Furiant): molto vivace
Finale: Allegro"
"Moye Chen","Chinese","33","Round 2: 19th or 20th Century Concerto","Sergei Rachmaninoff","Concerto No.2 in C minor Op.18","Moderato
Adagio sostenuto
Allegro scherzando"
"Kenneth Broberg","American","23","Round 1: 20-Minute Recital","Johann Sebastian Bach","The Well-Tempered Clavier Book I: Prelude and Fugue in A♭Major BWV 862",""
"Kenneth Broberg","American","23","Round 1: 20-Minute Recital","Franz Liszt","Après une Lecture de Dante: Fantasia quasi Sonata (from Années de Pèlerinage, Book II: Italie)",""
"Kenneth Broberg","American","23","Round 2: 30-Minute Recital","Maurice Ravel","Jeux d'eau",""
"Kenneth Broberg","American","23","Round 2: 30-Minute Recital","Samuel Barber","Piano Sonata Op.26","Allegro energico
Allegro vivace e leggero
Adagio mesto
Fuga: Allegro con spirito"
"Kenneth Broberg","American","23","Round 2: 30-Minute Recital","Carl Vine","from Five Bagatelles (1994)","Threnody"
"Kenneth Broberg","American","23","Round 1: 65-Minute Recital","Ludwig van Beethoven","Piano Sonata No.7 in D Major Op.10 No.3","Presto
Largo e mesto
Menuetto: Allegro
Rondo: Allegro"
"Kenneth Broberg","American","23","Round 1: 65-Minute Recital","Frédéric Chopin","Ballade No.4 in F minor Op.52",""
"Kenneth Broberg","American","23","Round 1: 65-Minute Recital","Sergei Prokofiev","Piano Sonata No.6 in A Major Op.82","Allegro inquieto
Allegretto
Tempo di valzer, lentissimo
Vivace"
"Kenneth Broberg","American","23","Round 2: Accompaniment/Chamber Music","César Franck","Sonata for Violin and Piano in A Major","Allegretto ben moderato
Allegro
Ben moderato: Recitative-Fantasia
Allegretto poco mosso"
"Kenneth Broberg","American","23","Round 2: Accompaniment/Chamber Music","Antonín Dvořák","Piano Quintet No.2 in A Major Op.81","Allegro, ma non tanto
Dumka: Andante con moto
Scherzo (Furiant): molto vivace
Finale: Allegro"
"Kenneth Broberg","American","23","Round 1: 18th Century Concerto","Wolfgang Amadeus Mozart","Concerto No.25 in C Major K.503","Allegro maestoso
Andante
Allegretto"
"Kenneth Broberg","American","23","Round 2: 19th or 20th Century Concerto","Camille Saint-Saëns","Concerto No.2 in G minor Op.22","Andante sostenuto
Allegro scherzando
Presto"
"Sergey Belyavskiy 2016","Russian","23","Round 1: 20-Minute Recital","Ludwig van Beethoven","Rondo a capriccio Op.129 'Rage Over a Lost Penny'",""
"Sergey Belyavskiy 2016","Russian","23","Round 1: 20-Minute Recital","Carl Vine","from Five Bagatelles (1994)","Darkly
Leggiero e legato"
"Sergey Belyavskiy 2016","Russian","23","Round 1: 20-Minute Recital","Franz Liszt","Hungarian Rhapsody No.2 in C♯ minor",""
"Sergey Belyavskiy 2016","Russian","23","Round 2: 30-Minute Recital","Claude Debussy","La plus que lente",""
"Sergey Belyavskiy 2016","Russian","23","Round 2: 30-Minute Recital","Fritz Kreisler/Sergei Rachmaninoff","","‘Liebesfreud’
‘Liebesleid’"
"Sergey Belyavskiy 2016","Russian","23","Round 2: 30-Minute Recital","Franz Liszt","Réminiscences de Don Juan",""
"Sergey Belyavskiy 2016","Russian","23","Round 1: 65-Minute Recital","Frédéric Chopin","Polonaise F♯ minor Op.44",""
"Sergey Belyavskiy 2016","Russian","23","Round 1: 65-Minute Recital","Frédéric Chopin","Waltzes Op.34","Vivace in A♭ Major
Lento in A minor
Vivace in F major"
"Sergey Belyavskiy 2016","Russian","23","Round 1: 65-Minute Recital","Frédéric Chopin","Nocturne Op.27 No.2 in D♭ Major",""
"Sergey Belyavskiy 2016","Russian","23","Round 1: 65-Minute Recital","Frédéric Chopin","12 Études Op.25","A♭ Major
F minor
F Major
A minor
E minor
G♯ minor
C♯ minor
D♭ Major
G♭ Major
B minor
A minor
C minor"
"Sergey Belyavskiy 2016","Russian","23","Round 2: Accompaniment/Chamber Music","César Franck","Sonata for Violin and Piano in A Major","Allegretto ben moderato
Allegro
Ben moderato: Recitative-Fantasia
Allegretto poco mosso"
"Sergey Belyavskiy 2016","Russian","23","Round 2: Accompaniment/Chamber Music","César Franck","Piano Quintet in F minor","Molto moderato quasi lento – Allegro
Lento con molto sentiment
Allegro non troppo ma con fuoco"
"Sergey Belyavskiy 2016","Russian","23","Round 1: 18th Century Concerto","Johann Sebastian Bach","Concerto No.1 in D minor BWV 1052","Allegro
Adagio
Allegro"
"Sergey Belyavskiy 2016","Russian","23","Round 2: 19th or 20th Century Concerto","Sergei Rachmaninoff","Concerto No.2 in C minor Op.18","Moderato
Adagio sostenuto
Allegro scherzando"
