ParticipantName,ParticipantCountry,R1Composer,R1Piece,R1PCString,R2Composer,R2Piece,R2PCString,R3Composer,R3Piece,R3PCString,Placement
Alexander Ullman,United Kingdom,Franz Liszt,"Étude in A minor from Grandes Études de Paganini, S. 141,6', ","Franz Liszt. Étude in A minor from Grandes Études de Paganini, S. 141,6', ",NaN,NaN,NaN,NaN,NaN,NaN,NaN
Alexander Ullman,United Kingdom,Frédéric Chopin,"Étude in E minor, Op. 25,5'","Frédéric Chopin. Étude in E minor, Op. 25,5'",Wolfgang A. Mozart,"Piano Concerto 21 in C major, K. 467","Wolfgang A. Mozart. Piano Concerto 21 in C major, K. 467', ",NaN,NaN,NaN,NaN
Alexander Ullman,United Kingdom,Sergei Rachmaninov,"Étude-tableau in E-flat minor, Op. 33,6'","Sergei Rachmaninov. Étude-tableau in E-flat minor, Op. 33,6'",Igor Stravinsky,"Three Movements from Petrushka: Dance Russe, Chez Petrushka,La Semaine grasse","Igor Stravinsky. Three Movements from Petrushka: Dance Russe, Chez Petrushka,La Semaine grasse'",NaN,NaN,NaN,NaN
Alexander Ullman,United Kingdom,Pyotr Tchaikovsky,"Theme and Variations in F major, Op. 19,6'","Pyotr Tchaikovsky. Theme and Variations in F major, Op. 19,6'",Claude Debussy,"Estampes, L. 100","Claude Debussy. Estampes, L. 100'",NaN,NaN,NaN,NaN
Alexander Ullman,United Kingdom,Ludwig van Beethoven,"Sonata 6 in F major, Op. 10, No.2'","Ludwig van Beethoven. Sonata 6 in F major, Op. 10, No.2'",Frédéric Chopin,"Ballade 4 in F Minor, Op. 52","Frédéric Chopin. Ballade 4 in F Minor, Op. 52'",Pyotr Tchaikovsky,"Piano Concerto 1 in B-flat minor, Op. 23","Pyotr Tchaikovsky. Piano Concerto 1 in B-flat minor, Op. 23']",NaN
Alexander Ullman,United Kingdom,Johann S. Bach,"Prélude and Fugue in C-sharp major, Well-Tempered Clavier,Book 1, BWV 848'","Johann S. Bach. Prélude and Fugue in C-sharp major, Well-Tempered Clavier,Book 1, BWV 848'",Frédéric Chopin,"Mazurkas, Op. 24, Nos. 2 and 3","Frédéric Chopin. Mazurkas, Op. 24, Nos. 2 and 3'",Frédéric Chopin,"Piano Concerto 2 in F minor, Op.21","'Frédéric Chopin. Piano Concerto 2 in F minor, Op.21'",NaN
Alexei Petrov,Russia,Johann S. Bach,"Prélude and Fugue in E major, Well-Tempered Clavier, Book 2,BWV 878'","Johann S. Bach. Prélude and Fugue in E major, Well-Tempered Clavier, Book 2,BWV 878'",Mily Balakirev,Scherzo 3 in F-sharp major,Mily Balakirev. Scherzo 3 in F-sharp major',Pyotr Tchaikovsky,"Piano Concerto 1 in B-flat minor, Op. 23","'Pyotr Tchaikovsky. Piano Concerto 1 in B-flat minor, Op. 23'",NaN
Alexei Petrov,Russia,Frédéric Chopin,"Étude in F major, Op. 10,8'","Frédéric Chopin. Étude in F major, Op. 10,8'",Sergei Rachmaninov,"Étude-tableau in C-sharp minor, Op. 33,9;","Sergei Rachmaninov. Étude-tableau in C-sharp minor, Op. 33,9;'",Sergei Prokofiev,"Piano Concerto 3 in C major, Op. 26","Sergei Prokofiev. Piano Concerto 3 in C major, Op. 26']",NaN
Alexei Petrov,Russia,Pyotr Tchaikovsky,"Dumka, Op. 59', ","Pyotr Tchaikovsky. Dumka, Op. 59', ",Dmitri Kabalevsky,"Sonata 3 in F major, Op. 4","Dmitri Kabalevsky. Sonata 3 in F major, Op. 4'",NaN,NaN,NaN,NaN
Alexei Petrov,Russia,Ludwig van Beethoven,"Sonata 3 in C major, Op. 2,3'","Ludwig van Beethoven. Sonata 3 in C major, Op. 2,3'",Alexander Scriabin,"Sonata 10, Op. 70","Alexander Scriabin. Sonata 10, Op. 70'",NaN,NaN,NaN,NaN
Alexei Petrov,Russia,Franz Liszt,"Étude Wilde Jagd from Transcendental Études, S. 139,8'","Franz Liszt. Étude Wilde Jagd from Transcendental Études, S. 139,8'",Sergei Prokofiev,"Intermezzo, Étude and Scherzo from Op. 52,1, 3 and 6","Sergei Prokofev. Intermezzo, Étude and Scherzo from Op. 52,1, 3 and 6'",NaN,NaN,NaN,NaN
Alexei Petrov,Russia,Sergei Rachmaninov,"Étude-tableau in E-flat minor, Op. 39,5'","Sergei Rachmaninov. Étude-tableau in E-flat minor, Op. 39,5'","Étude-tableau in A minor, Op","39,2; Polka de W.R.","Étude-tableau in A minor, Op. 39,2; Polka de W.R.'",NaN,NaN,NaN,NaN
Andrei Korobeinikov,Russia,Ludwig van Beethoven,"Sonata 32 in C minor, Op. 111', ","Ludwig van Beethoven. Sonata 32 in C minor, Op. 111', ",NaN,NaN,NaN,NaN,NaN,NaN,NaN
Andrei Korobeinikov,Russia,Franz Liszt,"Étude La Campanella in G-sharp minor from Grandes Études dePaganini, S. 141,3'","Franz Liszt. Étude La Campanella in G-sharp minor from Grandes Études dePaganini, S. 141,3'",NaN,NaN,NaN,NaN,NaN,NaN,NaN
Andrei Korobeinikov,Russia,Johann S. Bach,"Prélude and Fugue in B major, Well-Tempered Clavier, Book 1,BWV 868'","Johann S. Bach. Prélude and Fugue in B major, Well-Tempered Clavier, Book 1,BWV 868'",Sergei Prokofiev,"Sonata 8 in B-flat major, Op. 84","Sergei Prokofiev. Sonata 8 in B-flat major, Op. 84'",Pyotr Tchaikovsky,"Piano Concerto 1 in B-flat minor, Op. 23","'Pyotr Tchaikovsky. Piano Concerto 1 in B-flat minor, Op. 23'",NaN
Andrei Korobeinikov,Russia,Pyotr Tchaikovsky,"February/Carnival from The Seasons Op.37,2'","Pyotr Tchaikovsky. February/Carnival from The Seasons Op.37,2'",Johann S. Bach," Wilhelm Kempff. SiciliaNaNfrom Sonata 2 for flute,BWV 1031","Johann S. Bach – Wilhelm Kempff. Siciliana from Sonata 2 for flute,BWV 1031'",Sergei Prokofiev,"Piano Concerto 3 in C major, Op. 26","Sergei Prokofiev. Piano Concerto 3 in C major, Op. 26']",NaN
Andrei Korobeinikov,Russia,Sergei Rachmaninov,"Étude-tableau in F-sharp minor, Op. 39,3'","Sergei Rachmaninov. Étude-tableau in F-sharp minor, Op. 39,3'",Dmitri Shostakovich,"Sonata 2, Op. 61","Dmitri Shostakovich. Sonata 2, Op. 61'",NaN,NaN,NaN,NaN
Andrei Korobeinikov,Russia,Frédéric Chopin,"Étude in G-sharp minor, op. 25,6'","Frédéric Chopin. Étude in G-sharp minor, op. 25,6'",Wolfgang A. Mozart,"Piano Concerto 20 in D minor, K. 466","Wolfgang A. Mozart. Piano Concerto 20 in D minor, K. 466', ",NaN,NaN,NaN,NaN
Andrejs Osokins,Latvia,Ludwig van Beethoven,"Piano Sonata 32 in C minor, Op. 111', ","Ludwig van Beethoven. Piano Sonata 32 in C minor, Op. 111', ",Wolfgang A. Mozart,"Piano Concerto 12 in A major, K. 414","W.A. Mozart. Piano Concerto 12 in A major, K. 414', ",NaN,NaN,NaN,NaN
Andrejs Osokins,Latvia,Frédéric Chopin,"Étude in A minor, Op. 10, 2'","Frédéric Chopin. Étude in A minor, Op. 10, 2'",Sergei Prokofiev,"Piano Sonata 7 in B-flat major, Op. 83","Sergei Prokofiev. Piano Sonata 7 in B-flat major, Op. 83'",NaN,NaN,NaN,NaN
Andrejs Osokins,Latvia,Franz Liszt,"Étude 2in E-flat major from the Grandes Études de Paganini, S.141'","Franz Liszt. Étude 2in E-flat major from the Grandes Études de Paganini, S.141'",Richard Wagner-Franz Liszt,"Liebestod, S. 447","Richard Wagner-Franz Liszt. Liebestod, S. 447'",NaN,NaN,NaN,NaN
Andrejs Osokins,Latvia,Pyotr Tchaikovsky,"Humoresque, Op. 10, 2; Romance, Op. 5'","Pyotr Tchaikovsky. Humoresque, Op. 10, 2; Romance, Op. 5'",Jean Sibelius,"Valse triste, Op. 44","Jean Sibelius. Valse triste, Op. 44'",Sergei Prokofiev,"Piano Concerto 3 in C major, Op. 26","Sergei Prokofiev. Piano Concerto 3 in C major, Op. 26']",NaN
Andrejs Osokins,Latvia,Johann S. Bach,"Prélude and Fugue in E-flat minor, Well-Tempered Clavier, Book 1,BWV 853, 8'","J.S. Bach. Prélude and Fugue in E-flat minor, Well-Tempered Clavier, Book 1,BWV 853, 8'",Joseph Haydn,"Piano Sonata in E minor, Hob. XVI/34","Joseph Haydn. Piano Sonata in E minor, Hob. XVI/34'",Pyotr Tchaikovsky,"Piano Concerto 1 in B-flat minor, Op. 23","'Pyotr Tchaikovsky. Piano Concerto 1 in B-flat minor, Op. 23'",NaN
Andrejs Osokins,Latvia,Sergei Rachmaninov,"Étude-tableau in E-flat minor, Op. 33, 6'","Sergei Rachmaninov. Étude-tableau in E-flat minor, Op. 33, 6'",Maurice Ravel,"Gaspard de la nuit for piano: Ondine, Le gibet, Scarbo","Maurice Ravel. Gaspard de la nuit for piano: Ondine, Le gibet, Scarbo'",NaN,NaN,NaN,NaN
Andrey Dubov,Russia,Johann S. Bach,"Prélude and Fugue in A minor, Well-Tempered Clavier, Book 2,BWV 889'","Johann S. Bach. Prélude and Fugue in A minor, Well-Tempered Clavier, Book 2,BWV 889'",Johann S. Bach," Ferruccio Busoni. Chaconne from the Partita No.2 for violin inD minor, BWV 1004","Johann S. Bach – Ferruccio Busoni. Chaconne from the Partita No.2 for violin inD minor, BWV 1004'",Pyotr Tchaikovsky,"Piano Concerto 1 in B-flat minor, Op. 23","'Pyotr Tchaikovsky. Piano Concerto 1 in B-flat minor, Op. 23'",NaN
Andrey Dubov,Russia,Frédéric Chopin,"Étude in B minor, op. 25,10'","Frédéric Chopin. Étude in B minor, op. 25,10'",NaN,NaN,NaN,NaN,NaN,NaN,NaN
Andrey Dubov,Russia,Ludwig van Beethoven,"Sonata 23 in F minor (Appassionata), Op. 57'","Ludwig van Beethoven. Sonata 23 in F minor (Appassionata), Op. 57'",Modest Mussorgsky,Pictures at an Exhibition,Modest Mussorgsky. Pictures at an Exhibition',Sergei Rachmaninov,"Piano Concerto 2 in C minor, Op. 18","Sergei Rachmaninov. Piano Concerto 2 in C minor, Op. 18']",NaN
Andrey Dubov,Russia,Franz Liszt,"Étude in F minor from Transcendental Études, S. 139,10', ","Franz Liszt. Étude in F minor from Transcendental Études, S. 139,10', ",NaN,NaN,NaN,NaN,NaN,NaN,NaN
Andrey Dubov,Russia,Sergei Rachmaninov,"Étude-tableau in F-sharp minor, Op. 39,3'","Sergei Rachmaninov. Étude-tableau in F-sharp minor, Op. 39,3'",Wolfgang A. Mozart,"Piano Concerto 24 in C minor, K. 491","Wolfgang A. Mozart. Piano Concerto 24 in C minor, K. 491', ",NaN,NaN,NaN,NaN
Andrey Dubov,Russia,Pyotr Tchaikovsky,"Méditation, Op. 72,5'","Pyotr Tchaikovsky. Méditation, Op. 72,5'",Igor Stravinsky,"Three Movements from Petrushka: Dance Russe, Chez Petrushka,La Semaine grasse","Igor Stravinsky. Three Movements from Petrushka: Dance Russe, Chez Petrushka,La Semaine grasse'",NaN,NaN,NaN,NaN
Andrey Gugnin,Russia,Frédéric Chopin,"Étude in B minor, op. 25,10', ","Frédéric Chopin. Étude in B minor, op. 25,10', ",NaN,NaN,NaN,NaN,NaN,NaN,NaN
Andrey Gugnin,Russia,Sergei Rachmaninov,"Étude-tableau in C major, Op. 33,2'","Sergei Rachmaninov. Étude-tableau in C major, Op. 33,2'",Wolfgang A. Mozart,"Piano Concerto 9 in E-flat major, K. 271","Wolfgang A. Mozart. Piano Concerto 9 in E-flat major, K. 271', ",NaN,NaN,NaN,NaN
Andrey Gugnin,Russia,Pyotr Tchaikovsky,"Nocturne and Humoresque, Op. 10'","Pyotr Tchaikovsky. Nocturne and Humoresque, Op. 10'",Sergei Prokofiev,"Sonata 7 in B-flat major, Op. 83","Sergei Prokofev. Sonata 7 in B-flat major, Op. 83'",NaN,NaN,NaN,NaN
Andrey Gugnin,Russia,Johann S. Bach,"Prélude and Fugue in G major, Well-Tempered Clavier, Book 1,BWV 860'","Johann S. Bach. Prélude and Fugue in G major, Well-Tempered Clavier, Book 1,BWV 860'",Modest Mussorgsky,Pictures at an Exhibitio,'Modest Mussorgsky. Pictures at an Exhibition','Sergei Rachmaninov,"Piano Concerto 3 in D minor, Op. 30","'Sergei Rachmaninov. Piano Concerto 3 in D minor, Op. 30'",NaN
Andrey Gugnin,Russia,Franz Liszt,"Feux follets from Transcendental Études, S. 139,5'","Franz Liszt. Feux follets from Transcendental Études, S. 139,5'",NaN,NaN,NaN,NaN,NaN,NaN,NaN
Andrey Gugnin,Russia,Ludwig van Beethoven,"Sonata 23 in F minor (Appassionata), Op. 57'","Ludwig van Beethoven. Sonata 23 in F minor (Appassionata), Op. 57'",Alexander Scriabin,"Three Pieces for piano, Op. 45","Alexander Scriabin. Three Pieces for piano, Op. 45'",Pyotr Tchaikovsky,"Piano Concerto 1 in B-flat minor, Op. 23","Pyotr Tchaikovsky. Piano Concerto 1 in B-flat minor, Op. 23']",NaN
Asiya Korepanova,Russia,Pyotr Tchaikovsky,"Méditation, Op. 72, 5'","Pyotr Tchaikovsky. Méditation, Op. 72, 5'",Wolfgang A. Mozart,"Piano Concerto 12 in A major, K. 414","Wolfgang A. Mozart. Piano Concerto 12 in A major, K. 414', ",NaN,NaN,NaN,NaN
Asiya Korepanova,Russia,Frédéric Chopin,"Étude in C major, Op. 10,1'","Frédéric Chopin. Étude in C major, Op. 10,1'",NaN,NaN,NaN,NaN,NaN,NaN,NaN
Asiya Korepanova,Russia,Sergei Rachmaninov,"Étude-tableau in C minor, Op. 39,7'","Sergei Rachmaninov. Étude-tableau in C minor, Op. 39,7'",NaN,NaN,NaN,NaN,NaN,NaN,NaN
Asiya Korepanova,Russia,Franz Liszt,"Mazeppa from Transcendental Études', ","Franz Liszt. Mazeppa from Transcendental Études', ",NaN,NaN,NaN,NaN,NaN,NaN,NaN
Asiya Korepanova,Russia,Johann S. Bach,"Prélude and Fugue in E-flat major, Well-Tempered Clavier, Book1, BWV 852'","Johann S. Bach. Prélude and Fugue in E-flat major, Well-Tempered Clavier, Book1, BWV 852'",'Maurice Ravel,Gaspard de la Nuit,'Maurice Ravel. Gaspard de la Nuit',Pyotr Tchaikovsky,"Piano Concerto 1 in B-flat minor, Op. 23","'Pyotr Tchaikovsky. Piano Concerto 1 in B-flat minor, Op. 23'",NaN
Asiya Korepanova,Russia,Ludwig van Beethoven,"Sonata 16 in G major, Op. 31,1'","Ludwig van Beethoven. Sonata 16 in G major, Op. 31,1'",Sergei Rachmaninov,"Sonata 1 in D minor, Op.28","Sergei Rachmaninov. Sonata 1 in D minor, Op.28'",Sergei Prokofiev,"Piano Concerto 2 in G minor, Op. 16","Sergei Prokofiev. Piano Concerto 2 in G minor, Op. 16']",NaN
Bornin Krasnoyarsk,Russia,Franz Liszt,"Concert Étude La Leggierezza, S. 144,2'","Franz Liszt. Concert Étude La Leggierezza, S. 144,2'",Wolfgang A. Mozart,"Piano Concerto 21 in C major, K. 467","Wolfgang A. Mozart. Piano Concerto 21 in C major, K. 467', ",NaN,NaN,NaN,NaN
Bornin Krasnoyarsk,Russia,Frédéric Chopin,"Étude in G-sharp minor, Op. 25,6'","Frédéric Chopin. Étude in G-sharp minor, Op. 25,6'",Alexander Scriabin,"Sonata 7 (White Mass), Op. 64Olivier Messiaen. Regard de l/'Eglise d'amour from Vingt regards sur l/'enfant Jésus, Op. 2","Alexander Scriabin. Sonata 7 (White Mass), Op. 64', Olivier Messiaen. Regard de l/'Eglise d'amour from Vingt regards sur l/'enfant Jésus, Op. 20",Nikolai Medtner,"Piano Concerto 2 in C minor, Op. 50","Nikolai Medtner. Piano Concerto 2 in C minor, Op. 50']",NaN
Bornin Krasnoyarsk,Russia,Pyotr Tchaikovsky,Aveu Passionné',Pyotr Tchaikovsky. Aveu Passionné',NaN,NaN,NaN,NaN,NaN,NaN,NaN
Bornin Krasnoyarsk,Russia,Franz Schubert,"Sonata in D major, D. 850', ","Franz Schubert. Sonata in D major, D. 850', ",NaN,NaN,NaN,NaN,NaN,NaN,NaN
Bornin Krasnoyarsk,Russia,Johann S. Bach,"Prélude and Fugue in B major, Well-Tempered Clavier, Book 1,BWV 868'","Johann S. Bach. Prélude and Fugue in B major, Well-Tempered Clavier, Book 1,BWV 868'",Johannes Brahms,"Variations and Fugue on a Theme of Handel in B-flat major, Op.24","Johannes Brahms. Variations and Fugue on a Theme of Handel in B-flat major, Op.24'",Pyotr Tchaikovsky,"Piano Concerto 1 in B-flat minor, Op. 23","'Pyotr Tchaikovsky. Piano Concerto 1 in B-flat minor, Op. 23'",NaN
Bornin Krasnoyarsk,Russia,Sergei Rachmaninov,"Étude-tableau in E-flat minor, Op. 33,6'","Sergei Rachmaninov. Étude-tableau in E-flat minor, Op. 33,6'",NaN,NaN,NaN,NaN,NaN,NaN,NaN
Daniel Kharitonov,Russia,Frédéric Chopin,"Étude in G-sharp minor, op. 25,6'","Frédéric Chopin. Étude in G-sharp minor, op. 25,6'",Sergei Rachmaninov,"Sonata 2 in B-flat minor, Op. 36 (second edition)","Sergei Rachmaninov. Sonata 2 in B-flat minor, Op. 36 (second edition)'",NaN,NaN,NaN,3
Daniel Kharitonov,Russia,Franz Liszt,"Étude in F minor from Transcendental Études, S. 139,10'","Franz Liszt. Étude in F minor from Transcendental Études, S. 139,10'",Sergei Rachmaninov,"Prélude in G-flat major, Op.23,10","Sergei Rachmaninov. Prélude in G-flat major, Op.23,10'",NaN,NaN,NaN,3
Daniel Kharitonov,Russia,Pyotr Tchaikovsky,"Méditation, Op. 72,5'","Pyotr Tchaikovsky. Méditation, Op. 72,5'",Franz Liszt,"Hungarian Rhapsody 12 in C-sharp minor, S. 244","Franz Liszt. Hungarian Rhapsody 12 in C-sharp minor, S. 244'",NaN,NaN,NaN,3
Daniel Kharitonov,Russia,Ludwig van Beethoven,"Sonata 23 in F minor, Op. 57'","Ludwig van Beethoven. Sonata 23 in F minor, Op. 57'",Franz Liszt,"Petrarca Sonnet 123 from Années de p√®lerinage, S. 161,6","Franz Liszt. Petrarca Sonnet 123 from Années de p√®lerinage, S. 161,6'",Franz Liszt,"Piano Concerto 1 in E-flat major, S. 124","Franz Liszt. Piano Concerto 1 in E-flat major, S. 124']",3
Daniel Kharitonov,Russia,Johann S. Bach,"Prélude and Fugue in B-flat minor, Well-Tempered Clavier, Book2, BWV 891'","Johann S. Bach. Prélude and Fugue in B-flat minor, Well-Tempered Clavier, Book2, BWV 891'",Johann S. Bach," Ferruccio Busoni. Chaconne from the Partita No.2 for violin inD minor, BWV 1004","Johann S. Bach – Ferruccio Busoni. Chaconne from the Partita No.2 for violin inD minor, BWV 1004'",Pyotr Tchaikovsky,"Piano Concerto 1 in B-flat minor, Op. 23","'Pyotr Tchaikovsky. Piano Concerto 1 in B-flat minor, Op. 23'",3
Daniel Kharitonov,Russia,Sergei Rachmaninov,"Étude-tableau in D major, Op. 39,9', ","Sergei Rachmaninov. Étude-tableau in D major, Op. 39,9', ",Wolfgang A. Mozart,"Piano Concerto 9 in E-flat major, K. 271","Wolfgang A. Mozart. Piano Concerto 9 in E-flat major, K. 271', ",NaN,NaN,NaN,3
Daria Kameneva,Russia,Sergei Rachmaninov,"Étude-tableau in C minor, Op. 39,1', ","Sergei Rachmaninov. Étude-tableau in C minor, Op. 39,1', ",NaN,NaN,NaN,NaN,NaN,NaN,NaN
Daria Kameneva,Russia,Pyotr Tchaikovsky,"Dumka, Op. 59'","Pyotr Tchaikovsky. Dumka, Op. 59'",NaN,NaN,NaN,NaN,NaN,NaN,NaN
Daria Kameneva,Russia,Ludwig van Beethoven,"Sonata 27 in E minor, Op. 90'","Ludwig van Beethoven. Sonata 27 in E minor, Op. 90'",Johannes Brahms,"Sonata 2 in F-sharp minor, Op. 2","Johannes Brahms. Sonata 2 in F-sharp minor, Op. 2'",Pyotr Tchaikovsky,"Piano Concerto 1 in B-flat minor, Op. 23","Pyotr Tchaikovsky. Piano Concerto 1 in B-flat minor, Op. 23']",NaN
Daria Kameneva,Russia,Franz Liszt,"Waldesrauschen from Two Concert Études, S. 145'","Franz Liszt. Waldesrauschen from Two Concert Études, S. 145'",Wolfgang A. Mozart,"Piano Concerto 20 in D minor, K. 466","Wolfgang A. Mozart. Piano Concerto 20 in D minor, K. 466', ",NaN,NaN,NaN,NaN
Daria Kameneva,Russia,Johann S. Bach,"Prélude and Fugue in C major, Well-Tempered Clavier, Book 1,BWV 846'","Johann S. Bach. Prélude and Fugue in C major, Well-Tempered Clavier, Book 1,BWV 846'",Joseph Haydn,"Sonata in C minor, Hob. XVI/20","Joseph Haydn. Sonata in C minor, Hob. XVI/20'",'Edvard Grieg,"Piano Concerto in A minor, Op. 16","'Edvard Grieg. Piano Concerto in A minor, Op. 16'",NaN
Daria Kameneva,Russia,Frédéric Chopin,"Étude in F major, Op. 10,8'","Frédéric Chopin. Étude in F major, Op. 10,8'",Sergei Rachmaninov,"Prélude in G major, Op.32,5; Prélude in C minor, Op. 23,7","Sergei Rachmaninov. Prélude in G major, Op.32,5; Prélude in C minor, Op. 23,7'",NaN,NaN,NaN,NaN
Dinara Klinton,Russia,Frédéric Chopin,"Étude in A minor, Op. 10,2'","Frédéric Chopin. Étude in A minor, Op. 10,2'",Wolfgang A. Mozart,"Piano Concerto 21 in C major, K. 467","Wolfgang A. Mozart. Piano Concerto 21 in C major, K. 467', ",NaN,NaN,NaN,NaN
Dinara Klinton,Russia,Ludwig van Beethoven,"Sonata 24 in F-sharp major, Op. 78'","Ludwig van Beethoven. Sonata 24 in F-sharp major, Op. 78'",Franz Liszt,"from Transcendental Études: Preludio, Molto vivace, Paysage,Mazeppa, Vision, Wilde Jagd, Allegro agitato molto, Harmonies du soir andChasse-Neige, S. 139/1, 2, 3, 4, 6, 8, 10, 11 and 12","Franz Liszt. from Transcendental Études: Preludio, Molto vivace, Paysage,Mazeppa, Vision, Wilde Jagd, Allegro agitato molto, Harmonies du soir andChasse-Neige, S. 139/1, 2, 3, 4, 6, 8, 10, 11 and 12'",Sergei Rachmaninov,"Piano Concerto 3 in D minor, Op. 30","Sergei Rachmaninov. Piano Concerto 3 in D minor, Op. 30']",NaN
Dinara Klinton,Russia,Pyotr Tchaikovsky,"Nocturne and Humoresque, Op. 10; Valse sentimentale,Op. 51,6; Méditation, Op. 72,5'","Pyotr Tchaikovsky. Nocturne and Humoresque, Op. 10; Valse sentimentale,Op. 51,6; Méditation, Op. 72,5'",NaN,NaN,NaN,NaN,NaN,NaN,NaN
Dinara Klinton,Russia,Franz Liszt,"Feux follets from Transcendental Études, S. 139,5', ","Franz Liszt. Feux follets from Transcendental Études, S. 139,5', ",NaN,NaN,NaN,NaN,NaN,NaN,NaN
Dinara Klinton,Russia,Johann S. Bach,"Prélude and Fugue in C major, Well-Tempered Clavier, Book 1,BWV 846'","Johann S. Bach. Prélude and Fugue in C major, Well-Tempered Clavier, Book 1,BWV 846'",Sergei Prokofiev,"Sarcasms, Op. 17","Sergei Prokofev. Sarcasms, Op. 17'",Pyotr Tchaikovsky,"Piano Concerto 1 in B-flat minor, Op. 23","'Pyotr Tchaikovsky. Piano Concerto 1 in B-flat minor, Op. 23'",NaN
Dinara Klinton,Russia,Sergei Rachmaninov,"Étude-tableau in A minor, Op. 39,6'","Sergei Rachmaninov. Étude-tableau in A minor, Op. 39,6'",NaN,NaN,NaN,NaN,NaN,NaN,NaN
Dmitry Masleev,Russia,Johann S. Bach,"Prélude and Fugue in C-sharp major, Well-Tempered Clavier,Book 1, BWV 848'","Johann S. Bach. Prélude and Fugue in C-sharp major, Well-Tempered Clavier,Book 1, BWV 848'",Joseph Haydn,"Sonata in C major, Hob. XVI/48","Joseph Haydn. Sonata in C major, Hob. XVI/48'",Pyotr Tchaikovsky,"Piano Concerto 1 in B-flat minor, Op. 23","'Pyotr Tchaikovsky. Piano Concerto 1 in B-flat minor, Op. 23'",1
Dmitry Masleev,Russia,Sergei Rachmaninov,"Étude-tableau in D major, Op. 39,9', ","Sergei Rachmaninov. Étude-tableau in D major, Op. 39,9', ",Wolfgang A. Mozart,"Piano Concerto 20 in D minor, K. 466","Wolfgang A. Mozart. Piano Concerto 20 in D minor, K. 466', ",NaN,NaN,NaN,1
Dmitry Masleev,Russia,Franz Liszt,"Étude Wilde Jagd from Transcendental Études, S. 139,8'","Franz Liszt. Étude Wilde Jagd from Transcendental Études, S. 139,8'",Franz Liszt,"Totentanz, S. 525","Franz Liszt. Totentanz, S. 525'",NaN,NaN,NaN,1
Dmitry Masleev,Russia,Frédéric Chopin,"Étude in B minor, op. 25,10'","Frédéric Chopin. Étude in B minor, op. 25,10'",Felix Mendelssohn – Sergei Rachmaninov,Scherzo from the Incidental music to Shakespeare's A Midsummer Night\\'s Dream,Felix Mendelssohn – Sergei Rachmaninov. Scherzo from the Incidental music to Shakespeare's A Midsummer Night\\'s Dream',NaN,NaN,NaN,1
Dmitry Masleev,Russia,Pyotr Tchaikovsky,"Chant élégiaque, Dance Scene (Invitation to a Trepak),Op.72,14 and 18'","Pyotr Tchaikovsky. Chant élégiaque, Dance Scene (Invitation to a Trepak),Op.72,14 and 18'",Sergei Rachmaninov,"Variations on a Theme of Corelli in D minor, Op. 42","Sergei Rachmaninov. Variations on a Theme of Corelli in D minor, Op. 42'",NaN,NaN,NaN,1
Dmitry Masleev,Russia,Ludwig van Beethoven,"Sonata 26 in E-flat major (The Farewell), Op. 81a'","Ludwig van Beethoven. Sonata 26 in E-flat major (The Farewell), Op. 81a'",Camille Saint-Sa√´ns – Franz Liszt,Danse macabre (arr. by Vladimir Horowitz),Camille Saint-Sa√´ns – Franz Liszt. Danse macabre (arr. by Vladimir Horowitz)',Sergei Prokofiev,"Piano Concerto 3 in C major, Op. 26","Sergei Prokofiev. Piano Concerto 3 in C major, Op. 26']",1
Dmitry Onishchenko,Russia,Sergei Rachmaninov,"Étude-tableau in E-flat minor, Op. 39,5'","Sergei Rachmaninov. Étude-tableau in E-flat minor, Op. 39,5'",NaN,NaN,NaN,NaN,NaN,NaN,NaN
Dmitry Onishchenko,Russia,Pyotr Tchaikovsky,"December: Christmas from The Seasons Op.37,12', ","Pyotr Tchaikovsky. December: Christmas from The Seasons Op.37,12', ",NaN,NaN,NaN,NaN,NaN,NaN,NaN
Dmitry Onishchenko,Russia,Wolfgang A,"Mozart. Sonata 8 in A minor, K. 310'","Wolfgang A. Mozart. Sonata 8 in A minor, K. 310'",Johannes Brahms,"Variations on a Theme of Paganini, Op. 35","Johannes Brahms. Variations on a Theme of Paganini, Op. 35'",Sergei Rachmaninov,"Piano Concerto 3 in D minor, Op. 30","Sergei Rachmaninov. Piano Concerto 3 in D minor, Op. 30']",NaN
Dmitry Onishchenko,Russia,Johann S. Bach,"Prélude and Fugue in C-sharp minor, Well-Tempered Clavier,Book 2, BWV 873'","Johann S. Bach. Prélude and Fugue in C-sharp minor, Well-Tempered Clavier,Book 2, BWV 873'",Johann S. Bach," Ferruccio Busoni. Chaconne from the Partita No.2 for violinin D minor, BWV 1004","Johann S. Bach – Ferruccio Busoni. Chaconne from the Partita No.2 for violinin D minor, BWV 1004'",Pyotr Tchaikovsky,"Piano Concerto 1 in B-flat minor, Op. 23","'Pyotr Tchaikovsky. Piano Concerto 1 in B-flat minor, Op. 23'",NaN
Dmitry Onishchenko,Russia,Franz Liszt,"Chasse-Neige from Transcendental Études, S. 139,12'","Franz Liszt. Chasse-Neige from Transcendental Études, S. 139,12'",Wolfgang A. Mozart,"Piano Concerto 9 in E-flat major, K. 271","Wolfgang A. Mozart. Piano Concerto 9 in E-flat major, K. 271', ",NaN,NaN,NaN,NaN
Dmitry Onishchenko,Russia,Frédéric Chopin,"Étude in A minor, Op. 25,11'","Frédéric Chopin. Étude in A minor, Op. 25,11'",Sergei Rachmaninov,"Six moments musicaux, Op. 16","Sergei Rachmaninov. Six moments musicaux, Op. 16'",NaN,NaN,NaN,NaN
Dmitry Shishkin,Russia,Wolfgang A,"Mozart. Sonata 11 in A major, K. 331'","Wolfgang A. Mozart. Sonata 11 in A major, K. 331'",Sergei Prokofiev,"4 Études, Op. 2","Sergei Prokofiev. 4 Études, Op. 2'",Sergei Rachmaninov,"Piano Concerto 3 in D minor, Op. 30","Sergei Rachmaninov. Piano Concerto 3 in D minor, Op. 30']",NaN
Dmitry Shishkin,Russia,Pyotr Tchaikovsky,"Russian Scherzo, Op. 1,1; June: Barcarolle from The Seasons Op. 37,6'","Pyotr Tchaikovsky. Russian Scherzo, Op. 1,1; June: Barcarolle from The Seasons Op. 37,6'",Domenico Scarlatti,"Sonatas: in E major, K. 380; in D minor, L. 366; in F-sharp major,K. 319; and F minor, K. 466","Domenico Scarlatti. Sonatas: in E major, K. 380; in D minor, L. 366; in F-sharp major,K. 319; and F minor, K. 466'",NaN,NaN,NaN,NaN
Dmitry Shishkin,Russia,Sergei Rachmaninov,"Étude-tableau in D major, Op. 39,9', ","Sergei Rachmaninov. Étude-tableau in D major, Op. 39,9', ",NaN,NaN,NaN,NaN,NaN,NaN,NaN
Dmitry Shishkin,Russia,Franz Liszt,"Étude La Campanella in G-sharp minor from Grandes Études dePaganini, S. 141,3'","Franz Liszt. Étude La Campanella in G-sharp minor from Grandes Études dePaganini, S. 141,3'",Wolfgang A. Mozart,"Piano Concerto 21 in A major, K. 488","Wolfgang A. Mozart. Piano Concerto 21 in A major, K. 488', ",NaN,NaN,NaN,NaN
Dmitry Shishkin,Russia,Johann S. Bach,"Prélude and Fugue in G major, Well-Tempered Clavier, Book 1, BWV 860'","Johann S. Bach. Prélude and Fugue in G major, Well-Tempered Clavier, Book 1, BWV 860'",Johann S. Bach," Ferruccio Busoni. Chaconne from the Partita No.2 for violin in Dminor, BWV 1004","Johann S. Bach – Ferruccio Busoni. Chaconne from the Partita No.2 for violin in Dminor, BWV 1004'",Pyotr Tchaikovsky,"Piano Concerto 1 in B-flat minor, Op. 23","'Pyotr Tchaikovsky. Piano Concerto 1 in B-flat minor, Op. 23'",NaN
Dmitry Shishkin,Russia,Frédéric Chopin,"Étude in A minor, Op. 10,2'","Frédéric Chopin. Étude in A minor, Op. 10,2'",Franz Liszt,"Mephisto Waltz 1 in A major, S. 514","Franz Liszt. Mephisto Waltz 1 in A major, S. 514'",NaN,NaN,NaN,NaN
Emanuel Rimoldi,Italy,Frédéric Chopin,"Étude in B minor, op. 25,10'","Frédéric Chopin. Étude in B minor, op. 25,10'",Wolfgang A. Mozart,"Piano Concerto 21 in C major, K. 467","Wolfgang A. Mozart. Piano Concerto 21 in C major, K. 467', ",NaN,NaN,NaN,NaN
Emanuel Rimoldi,Italy,Pyotr Tchaikovsky,"Theme and Variations in F major, Op. 19,6'","Pyotr Tchaikovsky. Theme and Variations in F major, Op. 19,6'",Sergei Prokofiev,"Piano Concerto 3 in C minor, Op. 29","Sergei Prokofiev. Piano Concerto 3 in C minor, Op. 29'",NaN,NaN,NaN,NaN
Emanuel Rimoldi,Italy,Wolfgang A,"Mozart. Sonata 8 in A minor, K. 310'","Wolfgang A. Mozart. Sonata 8 in A minor, K. 310'",Robert Schumann,"Humoreske, Op. 20","Robert Schumann. Humoreske, Op. 20'",Pyotr Tchaikovsky,"Piano Concerto 1 in B-flat minor, Op. 23","Pyotr Tchaikovsky. Piano Concerto 1 in B-flat minor, Op. 23']",NaN
Emanuel Rimoldi,Italy,Johann S. Bach,"Prélude and Fugue in B-flat minor, Well-Tempered Clavier, Book1, BWV 867'","Johann S. Bach. Prélude and Fugue in B-flat minor, Well-Tempered Clavier, Book1, BWV 867'",'Alexander Scriabin,"Fantasie in B minor, Op. 28","'Alexander Scriabin. Fantasie in B minor, Op. 28'",'Johannes Brahms,"Piano Concerto 1 in D minor, Op. 15","'Johannes Brahms. Piano Concerto 1 in D minor, Op. 15'",NaN
Emanuel Rimoldi,Italy,Franz Liszt,"Chasse-Neige from Transcendental Études, S. 139,12', ","Franz Liszt. Chasse-Neige from Transcendental Études, S. 139,12', ",NaN,NaN,NaN,NaN,NaN,NaN,NaN
Emanuel Rimoldi,Italy,Sergei Rachmaninov,"Étude-tableau in A minor, Op. 39,6'","Sergei Rachmaninov. Étude-tableau in A minor, Op. 39,6'",NaN,NaN,NaN,NaN,NaN,NaN,NaN
George Li,USA,Franz Liszt,"Étude La Campanella in G-sharp minor from Grandes Études de Paganini, S. 141,3', ","Franz Liszt. Étude La Campanella in G-sharp minor from Grandes Études de Paganini, S. 141,3', ",NaN,NaN,NaN,NaN,NaN,NaN,2
George Li,USA,Pyotr Tchaikovsky,"Theme and Variations in F major, Op. 19,6'","Pyotr Tchaikovsky. Theme and Variations in F major, Op. 19,6'",Pyotr Tchaikovsky,"Méditation, Op. 72,5; Valse de salon, Op. 51,1","Pyotr Tchaikovsky. Méditation, Op. 72,5; Valse de salon, Op. 51,1'",NaN,NaN,NaN,2
George Li,USA,Ludwig van Beethoven,"Sonata 32 in C minor, Op. 111'","Ludwig van Beethoven. Sonata 32 in C minor, Op. 111'",Franz Liszt,"Hungarian Rhapsody No.2 in C-sharp minor, S. 244 (cadenza bySergei Rachmaninov)","Franz Liszt. Hungarian Rhapsody No.2 in C-sharp minor, S. 244 (cadenza bySergei Rachmaninov)'",Sergei Prokofiev,"Piano Concerto 3 in C major, Op. 26","Sergei Prokofiev. Piano Concerto 3 in C major, Op. 26']",2
George Li,USA,Johann S. Bach,"Prélude and Fugue in G minor, Well-Tempered Clavier, Book 2,BWV 885'","Johann S. Bach. Prélude and Fugue in G minor, Well-Tempered Clavier, Book 2,BWV 885'",Sergei Rachmaninov,"Variations on a Theme of Corelli, Op. 42","Sergei Rachmaninov. Variations on a Theme of Corelli, Op. 42'",Pyotr Tchaikovsky,"Piano Concerto 1 in B-flat minor, Op. 23","'Pyotr Tchaikovsky. Piano Concerto 1 in B-flat minor, Op. 23'",2
George Li,USA,Frédéric Chopin,"Étude in A minor, Op. 10,2'","Frédéric Chopin. Étude in A minor, Op. 10,2'",Frédéric Chopin,"Variations L√† ci darem la mano from Mozart's opera DonGiovanni, in B flat major Op. 2 (Jan Ekier edition)","Frédéric Chopin. Variations L√† ci darem la mano from Mozart's opera DonGiovanni, in B flat major Op. 2 (Jan Ekier edition)'",NaN,NaN,NaN,2
George Li,USA,Sergei Rachmaninov,"Étude-tableau in E-flat minor, Op. 33,6'","Sergei Rachmaninov. Étude-tableau in E-flat minor, Op. 33,6'",Wolfgang A. Mozart,"Piano Concerto 23 in A major, K. 488","Wolfgang A. Mozart. Piano Concerto 23 in A major, K. 488', ",NaN,NaN,NaN,2
Georgy Voilochnikov,Russia,Ludwig van Beethoven,"Sonata 31 in A-flat major, Op. 110'","Ludwig van Beethoven. Sonata 31 in A-flat major, Op. 110'",Frédéric Chopin,"Barcarolle in F-sharp major, Op. 60","Frédéric Chopin. Barcarolle in F-sharp major, Op. 60'",Béla Bartók,"Piano Concerto 3 in E major, BB 127 (Sz. 119)","Béla Bartók. Piano Concerto 3 in E major, BB 127 (Sz. 119)']",NaN
Georgy Voilochnikov,Russia,Johann S. Bach,"Prélude and Fugue in E major, Well-Tempered Clavier, Book 2,BWV 878,'","Johann S. Bach. Prélude and Fugue in E major, Well-Tempered Clavier, Book 2,BWV 878,'",Robert Schumann,"Humoreske in B-flat major, Op. 20","Robert Schumann. Humoreske in B-flat major, Op. 20'",Pyotr Tchaikovsky,"Piano Concerto 1 in B-flat minor, Op. 23","'Pyotr Tchaikovsky. Piano Concerto 1 in B-flat minor, Op. 23'",NaN
Georgy Voilochnikov,Russia,Sergei Rachmaninov,"Étude-tableau in E-flat minor, Op. 39,5', ","Sergei Rachmaninov. Étude-tableau in E-flat minor, Op. 39,5', ",NaN,NaN,NaN,NaN,NaN,NaN,NaN
Georgy Voilochnikov,Russia,Frédéric Chopin,"Étude in E minor, op. 25,5'","Frédéric Chopin. Étude in E minor, op. 25,5'",NaN,NaN,NaN,NaN,NaN,NaN,NaN
Georgy Voilochnikov,Russia,Pyotr Tchaikovsky,"May: White Nights and August: Harvest from The SeasonsOp.37,5 and 8'","Pyotr Tchaikovsky. May: White Nights and August: Harvest from The SeasonsOp.37,5 and 8'",Alexander Scriabin,"Sonata 3 in F-sharp minor, Op. 23","Alexander Scriabin. Sonata 3 in F-sharp minor, Op. 23'",NaN,NaN,NaN,NaN
Georgy Voilochnikov,Russia,Franz Liszt,"Concert Étude in D-flat major, S. 144,3'","Franz Liszt. Concert Étude in D-flat major, S. 144,3'",Wolfgang A. Mozart,"Piano Concerto 24 in C minor, K. 491","Wolfgang A. Mozart. Piano Concerto 24 in C minor, K. 491', ",NaN,NaN,NaN,NaN
Ilya Rashkovsky,Russia,Pyotr Tchaikovsky,"April: Snowdrop from The Seasons Op.37,4'","Pyotr Tchaikovsky. April: Snowdrop from The Seasons Op.37,4'",NaN,NaN,NaN,NaN,NaN,NaN,NaN
Ilya Rashkovsky,Russia,Franz Liszt,"Chasse-Neige from Transcendental Études, S. 139,12'","Franz Liszt. Chasse-Neige from Transcendental Études, S. 139,12'",Wolfgang A. Mozart,"Piano Concerto 27 in B-flat major, K. 595","Wolfgang A. Mozart. Piano Concerto 27 in B-flat major, K. 595', ",NaN,NaN,NaN,NaN
Ilya Rashkovsky,Russia,Sergei Rachmaninov,"Étude-tableau in C major, Op. 33,2'","Sergei Rachmaninov. Étude-tableau in C major, Op. 33,2'",Alexander Scriabin,"Sonata 5 in F-sharp major, Op. 53","Alexander Scriabin. Sonata 5 in F-sharp major, Op. 53'",NaN,NaN,NaN,NaN
Ilya Rashkovsky,Russia,Ludwig van Beethoven,"Sonata 32 in C minor, Op. 111'","Ludwig van Beethoven. Sonata 32 in C minor, Op. 111'",Alexander Scriabin,"Sonata 10, Op. 70","Alexander Scriabin. Sonata 10, Op. 70'",Sergei Prokofiev,"Piano Concerto 2 in G minor, Op. 16","Sergei Prokofiev. Piano Concerto 2 in G minor, Op. 16']",NaN
Ilya Rashkovsky,Russia,Johann S. Bach,"Prélude and Fugue in E-flat minor, Well-Tempered Clavier, Book1, BWV 853'","Johann S. Bach. Prélude and Fugue in E-flat minor, Well-Tempered Clavier, Book1, BWV 853'",'Robert Schumann,"Phantasie in C major, Op. 17","'Robert Schumann. Phantasie in C major, Op. 17'",Pyotr Tchaikovsky,"Piano Concerto 1 in B-flat minor, Op. 23","'Pyotr Tchaikovsky. Piano Concerto 1 in B-flat minor, Op. 23'",NaN
Ilya Rashkovsky,Russia,Frédéric Chopin,"Étude in C minor, op. 25,12', ","Frédéric Chopin. Étude in C minor, op. 25,12', ",NaN,NaN,NaN,NaN,NaN,NaN,NaN
Jeung Beum Sohn,South Korea,Johann S. Bach,"Prélude and Fugue in D minor, Well-Tempered Clavier, Book 2,BWV 875'","Johann S. Bach. Prélude and Fugue in D minor, Well-Tempered Clavier, Book 2,BWV 875'",Frédéric Chopin,"Études, Op. 25,1-12","Frédéric Chopin. Études, Op. 25,1-12'",Johannes Brahms,"Piano Concerto 1 in D minor, Op. 15","Johannes Brahms. Piano Concerto 1 in D minor, Op. 15']",NaN
Jeung Beum Sohn,South Korea,Franz Liszt,"Étude in A minor from Transcendental Études, S. 139,2'","Franz Liszt. Étude in A minor from Transcendental Études, S. 139,2'",Wolfgang A. Mozart,"Piano Concerto 23 in A major, K. 488","Wolfgang A. Mozart. Piano Concerto 23 in A major, K. 488', ",NaN,NaN,NaN,NaN
Jeung Beum Sohn,South Korea,Sergei Rachmaninov,"Étude-tableau in C minor, Op. 39,1'","Sergei Rachmaninov. Étude-tableau in C minor, Op. 39,1'",NaN,NaN,NaN,NaN,NaN,NaN,NaN
Jeung Beum Sohn,South Korea,Ludwig van Beethoven,"Sonata 23 in F minor, Op. 57', ","Ludwig van Beethoven. Sonata 23 in F minor, Op. 57', ",NaN,NaN,NaN,NaN,NaN,NaN,NaN
Jeung Beum Sohn,South Korea,Pyotr Tchaikovsky,"Dumka, Op. 59'","Pyotr Tchaikovsky. Dumka, Op. 59'",Wolfgang A. Mozart,"Fantasia in D minor, K. 397","Wolfgang A. Mozart. Fantasia in D minor, K. 397'",Pyotr Tchaikovsky,"Piano Concerto 1 in B-flat minor, Op. 23","'Pyotr Tchaikovsky. Piano Concerto 1 in B-flat minor, Op. 23'",NaN
Jeung Beum Sohn,South Korea,Frédéric Chopin,"Étude in C major, Op. 10,1'","Frédéric Chopin. Étude in C major, Op. 10,1'",Sergei Prokofiev,"Sonata 7 in B-flat major, Op. 83","Sergei Prokofiev. Sonata 7 in B-flat major, Op. 83'",NaN,NaN,NaN,NaN
Jiayan Sun,China,Ludwig van Beethoven,"Sonata 32 in C minor, Op. 111', ","Ludwig van Beethoven. Sonata 32 in C minor, Op. 111', ",NaN,NaN,NaN,NaN,NaN,NaN,NaN
Jiayan Sun,China,Frédéric Chopin,"Étude in A major, Op. 25,11'","Frédéric Chopin. Étude in A major, Op. 25,11'","n F minor and F major, Op","32, Nos. 6,7; in E-flat major, Op. 23,9;in G-sharp minor, Op. 32,12","n F minor and F major, Op. 32, Nos. 6,7; in E-flat major, Op. 23,9;in G-sharp minor, Op. 32,12'",Franz Liszt,"Piano Concerto No.1 in G minor, Op. 16","Franz Liszt. Piano Concerto No.1 in G minor, Op. 16']",NaN
Jiayan Sun,China,Franz Liszt,"Chasse-Neige from Transcendental Études, S. 139,12'","Franz Liszt. Chasse-Neige from Transcendental Études, S. 139,12'",Franz Liszt,"Sonata in B minor, S. 178","Franz Liszt. Sonata in B minor, S. 178'",NaN,NaN,NaN,NaN
Jiayan Sun,China,Sergei Rachmaninov,"Étude-tableau in D minor, Op. 39,8'","Sergei Rachmaninov. Étude-tableau in D minor, Op. 39,8'",Béla Bartók,"Out of Doors suite for piano, BB 89","Béla Bartók. Out of Doors suite for piano, BB 89'",NaN,NaN,NaN,NaN
Jiayan Sun,China,Pyotr Tchaikovsky,"Valse a cinq temps and Méditation, Op. 72, Nos. 16 and 5'","Pyotr Tchaikovsky. Valse a cinq temps and Méditation, Op. 72, Nos. 16 and 5'",Wolfgang A. Mozart,"Piano Concerto 20 in D minor, K. 466","Wolfgang A. Mozart. Piano Concerto 20 in D minor, K. 466', ",NaN,NaN,NaN,NaN
Jiayan Sun,China,Johann S. Bach,"Prélude and Fugue in E major, Well-Tempered Clavier, Book 2,BWV 878'","Johann S. Bach. Prélude and Fugue in E major, Well-Tempered Clavier, Book 2,BWV 878'",Sergei Rachmaninov,"Six Préludes: in C major, Op. 32,1; in D major, Op. 23,4;","Sergei Rachmaninov. Six Préludes: in C major, Op. 32,1; in D major, Op. 23,4;'",Pyotr Tchaikovsky,"Piano Concerto 1 in B-flat minor, Op. 23","'Pyotr Tchaikovsky. Piano Concerto 1 in B-flat minor, Op. 23'",NaN
Julia Kociuban,Poland,Frédéric Chopin,"Étude in A minor, Op. 25, 11'","Frédéric Chopin. Étude in A minor, Op. 25, 11'",NaN,NaN,NaN,NaN,NaN,NaN,NaN
Julia Kociuban,Poland,Sergei Rachmaninov,"Étude-tableau in C minor, Op. 39, 1', ","Sergei Rachmaninov. Étude-tableau in C minor, Op. 39, 1', ",NaN,NaN,NaN,NaN,NaN,NaN,NaN
Julia Kociuban,Poland,Johann S. Bach,"Prélude and Fugue in A minor, The Well-Tempered Clavier,Book 2, BWV 889, 20'","Johann S. Bach. Prélude and Fugue in A minor, The Well-Tempered Clavier,Book 2, BWV 889, 20'",Grażyna Bacewicz,Piano Sonata 2,Grażyna Bacewicz. Piano Sonata 2',Pyotr Tchaikovsky,"Piano Concerto 1 in B-flat minor, Op. 23","'Pyotr Tchaikovsky. Piano Concerto 1 in B-flat minor, Op. 23'",NaN
Julia Kociuban,Poland,Pyotr Tchaikovsky,"Méditation, Op. 72, Nos. 5'","Pyotr Tchaikovsky. Méditation, Op. 72, Nos. 5'",Sergei Prokofiev,"Piano Sonata 7 in B-flat major, Op. 83","Sergei Prokofiev. Piano Sonata 7 in B-flat major, Op. 83'",NaN,NaN,NaN,NaN
Julia Kociuban,Poland,Frédéric Chopin,"Ballade 1 in G minor, Op. 23'","Frédéric Chopin. Ballade 1 in G minor, Op. 23'",Wolfgang A. Mozart,"Piano Concerto 23 in A major, K. 488","Wolfgang A. Mozart. Piano Concerto 23 in A major, K. 488', ",NaN,NaN,NaN,NaN
Julia Kociuban,Poland,Ludwig van Beethoven,"Piano Sonata 13 in E-flat major(Sonata quasi una fantasia), Op. 27, 1'","Ludwig van Beethoven. Piano Sonata 13 in E-flat major(Sonata quasi una fantasia), Op. 27, 1'",Frédéric Chopin,"Piano Sonata 3 in B minor, Op. 58","Frédéric Chopin. Piano Sonata 3 in B minor, Op. 58'",Frédéric Chopin,"Piano Concerto 2 in F minor, Op.21","Frédéric Chopin. Piano Concerto 2 in F minor, Op.21']",NaN
Julia Kociuban,Poland,Franz Liszt,"Étude in A minor from the Grandes étudesde Paganini, S. 141, 6'","Franz Liszt. Étude in A minor from the Grandes étudesde Paganini, S. 141, 6'",NaN,NaN,NaN,NaN,NaN,NaN,NaN
Lucas Debargue,France,Johann S. Bach,"Prélude and Fugue in E-flat major, Well-Tempered Clavier, Book1, BWV 852'","Johann S. Bach. Prélude and Fugue in E-flat major, Well-Tempered Clavier, Book1, BWV 852'",'Nikolai Medtner,"Sonata in F minor, Op. 5","'Nikolai Medtner. Sonata in F minor, Op. 5'",Pyotr Tchaikovsky,"Piano Concerto 1 in B-flat minor, Op. 23","'Pyotr Tchaikovsky. Piano Concerto 1 in B-flat minor, Op. 23'",NaN
Lucas Debargue,France,Pyotr Tchaikovsky,"Valse sentimentale, Op. 51,6'","Pyotr Tchaikovsky. Valse sentimentale, Op. 51,6'",Wolfgang A. Mozart,"Piano Concerto 24 in C minor, K. 491","Wolfgang A. Mozart. Piano Concerto 24 in C minor, K. 491', ",NaN,NaN,NaN,NaN
Lucas Debargue,France,Frédéric Chopin,"Étude in G-sharp minor, op. 25,6'","Frédéric Chopin. Étude in G-sharp minor, op. 25,6'",NaN,NaN,NaN,NaN,NaN,NaN,NaN
Lucas Debargue,France,Sergei Rachmaninov,"Étude-tableau in E-flat minor, Op. 39,5', ","Sergei Rachmaninov. Étude-tableau in E-flat minor, Op. 39,5', ",NaN,NaN,NaN,NaN,NaN,NaN,NaN
Lucas Debargue,France,Franz Liszt,"Étude in F minor from Transcendental Études, S. 139,10'","Franz Liszt. Étude in F minor from Transcendental Études, S. 139,10'",NaN,NaN,NaN,NaN,NaN,NaN,NaN
Lucas Debargue,France,Ludwig van Beethoven,"Sonata 7 in D major, Op. 10,3'","Ludwig van Beethoven. Sonata 7 in D major, Op. 10,3'",Maurice Ravel,Gaspard de la nuit,Maurice Ravel. Gaspard de la nuit',Franz Liszt,"Piano Concerto 2 in A major, S. 125","Franz Liszt. Piano Concerto 2 in A major, S. 125']",NaN
Lukas Geniusas,Russia ‚Äî Lithuania,Ludwig van Beethoven,"Sonata 3 in C major, Op. 2,3'","Ludwig van Beethoven. Sonata 3 in C major, Op. 2,3'",Frédéric Chopin,"Études in E major, C-sharp minor, G-flat major, and E-flat minor,Op. 10,3-6","Frédéric Chopin. Études in E major, C-sharp minor, G-flat major, and E-flat minor,Op. 10,3-6'",Sergei Rachmaninov,"Piano Concerto 3 in D minor, Op. 30","Sergei Rachmaninov. Piano Concerto 3 in D minor, Op. 30']",2
Lukas Geniusas,Russia ‚Äî Lithuania,Franz Liszt,"Étude Wilde Jagd from Transcendental Études, S. 139,8', ","Franz Liszt. Étude Wilde Jagd from Transcendental Études, S. 139,8', ",NaN,NaN,NaN,NaN,NaN,NaN,2
Lukas Geniusas,Russia ‚Äî Lithuania,Frédéric Chopin,"Étude in A minor, Op. 10,2'","Frédéric Chopin. Étude in A minor, Op. 10,2'",Wolfgang A. Mozart,"Piano Concerto 20 in D minor, K. 466","Wolfgang A. Mozart. Piano Concerto 20 in D minor, K. 466', ",NaN,NaN,NaN,2
Lukas Geniusas,Russia ‚Äî Lithuania,Sergei Rachmaninov,"Étude-tableau in C major, Op. 33,2'","Sergei Rachmaninov. Étude-tableau in C major, Op. 33,2'",NaN,NaN,NaN,NaN,NaN,NaN,2
Lukas Geniusas,Russia ‚Äî Lithuania,Johann S. Bach,"Prélude and Fugue in A minor, Well-Tempered Clavier, Book 2,BWV 889'","Johann S. Bach. Prélude and Fugue in A minor, Well-Tempered Clavier, Book 2,BWV 889'",Johannes Brahms,"Sonata 1 in C major, Op. 1","Johannes Brahms. Sonata 1 in C major, Op. 1'",Pyotr Tchaikovsky,"Piano Concerto 2 in G major, Op. 44","'Pyotr Tchaikovsky. Piano Concerto 2 in G major, Op. 44'",2
Lukas Geniusas,Russia ‚Äî Lithuania,Pyotr Tchaikovsky,"Romance in F minor, Op. 5; Scherzo Humoresque, Op.19,2'","Pyotr Tchaikovsky. Romance in F minor, Op. 5; Scherzo Humoresque, Op.19,2'",Sergei Prokofiev,"Sonata 7 in B-flat major, Op. 83","Sergei Prokofiev. Sonata 7 in B-flat major, Op. 83'",NaN,NaN,NaN,2
Maria Mazo,Germany,Franz Liszt,"Étude 2 in E-flat major from Grandes Études de Paganini, S.141'","Franz Liszt. Étude 2 in E-flat major from Grandes Études de Paganini, S.141'",Wolfgang A. Mozart,"Piano Concerto 21 in C major, K. 467","Wolfgang A. Mozart. Piano Concerto 21 in C major, K. 467', ",NaN,NaN,NaN,NaN
Maria Mazo,Germany,Pyotr Tchaikovsky,"Dumka, Op. 59', ","Pyotr Tchaikovsky. Dumka, Op. 59', ",NaN,NaN,NaN,NaN,NaN,NaN,NaN
Maria Mazo,Germany,Johann S. Bach,"Prélude and Fugue in G-sharp minor, Well-Tempered Clavier,Book 1, BWV 863'","Johann S. Bach. Prélude and Fugue in G-sharp minor, Well-Tempered Clavier,Book 1, BWV 863'",Alexander Scriabin,"Sonata 4 in F-sharp major, Op. 30","Alexander Scriabin. Sonata 4 in F-sharp major, Op. 30'",Pyotr Tchaikovsky,"Piano Concerto 1 in B-flat minor, Op. 23","'Pyotr Tchaikovsky. Piano Concerto 1 in B-flat minor, Op. 23'",NaN
Maria Mazo,Germany,Frédéric Chopin,"Étude in C minor, Op. 10,12'","Frédéric Chopin. Étude in C minor, Op. 10,12'",Ludwig van Beethoven,"Sonata 29 in B-flat major (Hammerklavier), Op. 106","Ludwig van Beethoven. Sonata 29 in B-flat major (Hammerklavier), Op. 106'",NaN,NaN,NaN,NaN
Maria Mazo,Germany,Sergei Rachmaninov,"Étude-tableau in E-flat minor, Op. 33,6'","Sergei Rachmaninov. Étude-tableau in E-flat minor, Op. 33,6'",NaN,NaN,NaN,NaN,NaN,NaN,NaN
Maria Mazo,Germany,Ludwig van Beethoven,"Sonata 23 in F minor, Op. 57'","Ludwig van Beethoven. Sonata 23 in F minor, Op. 57'",Igor Stravinsky,"Danse infernale de tous les sujets de Kachtcheï, Berceuse, andFinale from The Firebird (transcribed for piano by Guido Agosti)","Igor Stravinsky. Danse infernale de tous les sujets de Kachtcheï, Berceuse, andFinale from The Firebird (transcribed for piano by Guido Agosti)'",Sergei Prokofiev,"Piano Concerto 2 in G minor, Op. 16","Sergei Prokofiev. Piano Concerto 2 in G minor, Op. 16']",NaN
Marina Yakhlakova,Russia,Johann S. Bach,"Prélude and Fugue in B-flat minor, Well-Tempered Clavier, Book1, BWV 867'","Johann S. Bach. Prélude and Fugue in B-flat minor, Well-Tempered Clavier, Book1, BWV 867'",Franz Liszt,"Sonata in B minor, S. 178","Franz Liszt. Sonata in B minor, S. 178'",Pyotr Tchaikovsky,"Piano Concerto 1 in B-flat minor, Op. 23","'Pyotr Tchaikovsky. Piano Concerto 1 in B-flat minor, Op. 23'",NaN
Marina Yakhlakova,Russia,Ludwig van Beethoven,"Sonata 30 in E major, Op. 109'","Ludwig van Beethoven. Sonata 30 in E major, Op. 109'",Pyotr Tchaikovsky – Mikhail Pletnev,"The Nutcracker, concert suite","Pyotr Tchaikovsky – Mikhail Pletnev. The Nutcracker, concert suite'",Camille Saint-Sa√´ns,"Piano Concerto 2 in G minor, Op. 22","Camille Saint-Sa√´ns. Piano Concerto 2 in G minor, Op. 22']",NaN
Marina Yakhlakova,Russia,Pyotr Tchaikovsky,"Nocturne and Humoresque, Op. 10'","Pyotr Tchaikovsky. Nocturne and Humoresque, Op. 10'",Alexander Scriabin,"Sonata 4 in F-sharp major, Op. 30","Alexander Scriabin. Sonata 4 in F-sharp major, Op. 30'",NaN,NaN,NaN,NaN
Marina Yakhlakova,Russia,Franz Liszt,"Mazeppa from Transcendental Études, S. 139,4'","Franz Liszt. Mazeppa from Transcendental Études, S. 139,4'",Wolfgang A. Mozart,"Piano Concerto 24 in C minor, K. 491","Wolfgang A. Mozart. Piano Concerto 24 in C minor, K. 491', ",NaN,NaN,NaN,NaN
Marina Yakhlakova,Russia,Frédéric Chopin,"Étude in G-sharp minor, op. 25,6'","Frédéric Chopin. Étude in G-sharp minor, op. 25,6'",NaN,NaN,NaN,NaN,NaN,NaN,NaN
Marina Yakhlakova,Russia,Sergei Rachmaninov,"Étude-tableau in D major, Op. 39,9', ","Sergei Rachmaninov. Étude-tableau in D major, Op. 39,9', ",NaN,NaN,NaN,NaN,NaN,NaN,NaN
Miao Huang,Germany,Johann S. Bach,"Prélude and Fugue in G-sharp minor, Well-Tempered Clavier,Book 1, BWV 863, 18'","Johann S. Bach. Prélude and Fugue in G-sharp minor, Well-Tempered Clavier,Book 1, BWV 863, 18'",Wolfgang A. Mozart,"Sonata 9 in D major, K. 311","Wolfgang A. Mozart. Sonata 9 in D major, K. 311'",Pyotr Tchaikovsky,"Piano Concerto 1 in B-flat minor, Op. 23","'Pyotr Tchaikovsky. Piano Concerto 1 in B-flat minor, Op. 23'",NaN
Miao Huang,Germany,Franz Liszt,"Feux follets from Transcendental Études, S. 139,5', ","Franz Liszt. Feux follets from Transcendental Études, S. 139,5', ",NaN,NaN,NaN,NaN,NaN,NaN,NaN
Miao Huang,Germany,Sergei Rachmaninov,"Étude-tableau in E-flat minor, Op. 39,5'","Sergei Rachmaninov. Étude-tableau in E-flat minor, Op. 39,5'",Wolfgang A. Mozart,"Piano Concerto 9 in E-flat major, K. 271","Wolfgang A. Mozart. Piano Concerto 9 in E-flat major, K. 271', ",NaN,NaN,NaN,NaN
Miao Huang,Germany,Pyotr Tchaikovsky,"Impromptu and Scherzo from Six Pieces on a Single Theme,Op. 21,3 and 6'","Pyotr Tchaikovsky. Impromptu and Scherzo from Six Pieces on a Single Theme,Op. 21,3 and 6'",Frédéric Chopin,"Sonata 3 in B minor, Op. 58","Frédéric Chopin. Sonata 3 in B minor, Op. 58'",NaN,NaN,NaN,NaN
Miao Huang,Germany,Ludwig van Beethoven,"Sonata 30 in E major, Op. 109'","Ludwig van Beethoven. Sonata 30 in E major, Op. 109'",Alexander Scriabin,"Sonata Fantasy 2 in G-sharp minor, Op. 19","Alexander Scriabin. Sonata Fantasy 2 in G-sharp minor, Op. 19'",Ludwig van Beethoven,"Piano Concerto 4 in G major, Op. 58","Ludwig van Beethoven. Piano Concerto 4 in G major, Op. 58']",NaN
Miao Huang,Germany,Frédéric Chopin,"Étude in G-sharp minor, Op. 25,6'","Frédéric Chopin. Étude in G-sharp minor, Op. 25,6'",Maurice Ravel,Ondine from Gaspard de la Nuit,Maurice Ravel. Ondine from Gaspard de la Nuit',NaN,NaN,NaN,NaN
Mikhail Berestnev,Russia,Johann S. Bach,"Prélude and Fugue in A minor, Well-Tempered Clavier, Book 2,BWV 889'","Johann S. Bach. Prélude and Fugue in A minor, Well-Tempered Clavier, Book 2,BWV 889'",Béla Bartók,"Sonata, BB 88 (Sz. 80)","Béla Bartók. Sonata, BB 88 (Sz. 80)'",Pyotr Tchaikovsky,"Piano Concerto 1 in B-flat minor, Op. 23","'Pyotr Tchaikovsky. Piano Concerto 1 in B-flat minor, Op. 23'",NaN
Mikhail Berestnev,Russia,Frédéric Chopin,"Étude in C minor, op. 25,12'","Frédéric Chopin. Étude in C minor, op. 25,12'",Wolfgang A. Mozart,"Piano Concerto 27 in B-flat major, K. 595","Wolfgang A. Mozart. Piano Concerto 27 in B-flat major, K. 595', ",NaN,NaN,NaN,NaN
Mikhail Berestnev,Russia,Sergei Rachmaninov,"Étude-tableau in B minor, Op. 39,4'","Sergei Rachmaninov. Étude-tableau in B minor, Op. 39,4'",Alexander Scriabin,"Sonata 5 in F-sharp major, Op. 53","Alexander Scriabin. Sonata 5 in F-sharp major, Op. 53'",NaN,NaN,NaN,NaN
Mikhail Berestnev,Russia,Pyotr Tchaikovsky,"6 Pieces op. 19,6: Theme and Variations in F major, Andantecon moto'","Pyotr Tchaikovsky. 6 Pieces op. 19,6: Theme and Variations in F major, Andantecon moto'",Toru Takemitsu,Rain Tree Sketch No.2 (in memory of Olivier Messiaen),Toru Takemitsu. Rain Tree Sketch No.2 (in memory of Olivier Messiaen)',NaN,NaN,NaN,NaN
Mikhail Berestnev,Russia,Joseph Haydn,"Sonata in D major, Hob. XVI/33'","Joseph Haydn. Sonata in D major, Hob. XVI/33'",Johannes Brahms,"Variations and Fugue on a Theme of Handel in B-flat major,Op.24","Johannes Brahms. Variations and Fugue on a Theme of Handel in B-flat major,Op.24'",Sergei Prokofiev,"Piano Concerto 3 in C major, Op. 26","Sergei Prokofiev. Piano Concerto 3 in C major, Op. 26']",NaN
Mikhail Berestnev,Russia,Franz Liszt,"Étude Wilde Jagd from Transcendental Études, S. 139,8', ","Franz Liszt. Étude Wilde Jagd from Transcendental Études, S. 139,8', ",NaN,NaN,NaN,NaN,NaN,NaN,NaN
Moye Chen,China,Johann S. Bach,"Prélude and Fugue in F-sharp major, Well-Tempered Clavier,Book 2, BWV 882'","Johann S. Bach. Prélude and Fugue in F-sharp major, Well-Tempered Clavier,Book 2, BWV 882'",'Domenico Scarlatti,"Sonata in G minor, K. 8; in G major, K. 146","'Domenico Scarlatti. Sonata in G minor, K. 8; in G major, K. 146'",'Sergei Rachmaninov,"Piano Concerto 3 in D minor, Op. 30","'Sergei Rachmaninov. Piano Concerto 3 in D minor, Op. 30']",NaN
Moye Chen,China,Pyotr Tchaikovsky,"April: Snowdrop, May: White Nights and June: Barcarolle fromThe Seasons Op.37/4, 5, 6 and 7'","Pyotr Tchaikovsky. April: Snowdrop, May: White Nights and June: Barcarolle fromThe Seasons Op.37/4, 5, 6 and 7'",Edvard Grieg,"Lyric Pieces: To Spring, Op. 43,6; Butterfy, Op. 43,1; March of theDwarfs, Op. 54,3","Edvard Grieg. Lyric Pieces: To Spring, Op. 43,6; Butterfy, Op. 43,1; March of theDwarfs, Op. 54,3'",NaN,NaN,NaN,NaN
Moye Chen,China,Wolfgang A,"Mozart. Sonata 10 in C major, K. 330'","Wolfgang A. Mozart. Sonata 10 in C major, K. 330'",Alexander Scriabin,"Waltz in A-flat major, Op. 38; Sonata 10, Op. 70","Alexander Scriabin. Waltz in A-flat major, Op. 38; Sonata 10, Op. 70'",NaN,NaN,NaN,NaN
Moye Chen,China,Sergei Rachmaninov,"Étude-tableau in E-flat minor, Op. 39,5'","Sergei Rachmaninov. Étude-tableau in E-flat minor, Op. 39,5'",Sergei Rachmaninov,"Sonata 2 in B-flat minor, Op. 36 (Vladimir Horowitz edition)","Sergei Rachmaninov. Sonata 2 in B-flat minor, Op. 36 (Vladimir Horowitz edition)'",NaN,NaN,NaN,NaN
Moye Chen,China,Frédéric Chopin,"Étude in A-flat major, op. 25,1'","Frédéric Chopin. Étude in A-flat major, op. 25,1'",Wolfgang A. Mozart,"Piano Concerto 27 in B-flat major, K. 595","Wolfgang A. Mozart. Piano Concerto 27 in B-flat major, K. 595'",NaN,NaN,NaN,NaN
Moye Chen,China,Franz Liszt,"Gnomenreigen from 2 Concert Études, S. 145', ","Franz Liszt. Gnomenreigen from 2 Concert Études, S. 145', ",Pyotr Tchaikovsky,"Piano Concerto 1 in B-flat minor, Op. 23","Pyotr Tchaikovsky. Piano Concerto 1 in B-flat minor, Op. 23', ",NaN,NaN,NaN,NaN
Natalia Sokolovskaya,Russia,Johann S. Bach,"Prélude and Fugue in B major, Well-Tempered Clavier, Book 1,BWV 868'","Johann S. Bach. Prélude and Fugue in B major, Well-Tempered Clavier, Book 1,BWV 868'",Leoš Janáček,"Sonata 1.X.1905, JW 8/19","Leoš Janáček. Sonata 1.X.1905, JW 8/19'",Sergei Rachmaninov,"Piano Concerto 3 in D minor, Op. 30","Sergei Rachmaninov. Piano Concerto 3 in D minor, Op. 30']",NaN
Natalia Sokolovskaya,Russia,Pyotr Tchaikovsky,"Prélude and Scherzo from Six Pieces on a Single Theme, –ûp. 21,1 and 6', ","Pyotr Tchaikovsky. Prélude and Scherzo from Six Pieces on a Single Theme, –ûp. 21,1 and 6', ",NaN,NaN,NaN,NaN,NaN,NaN,NaN
Natalia Sokolovskaya,Russia,Sergei Rachmaninov,"Étude-tableau in C major, Op. 33,2'","Sergei Rachmaninov. Étude-tableau in C major, Op. 33,2'",Sergei Rachmaninov,"Sonata 1 in D minor, Op.28","Sergei Rachmaninov. Sonata 1 in D minor, Op.28'",NaN,NaN,NaN,NaN
Natalia Sokolovskaya,Russia,Frédéric Chopin,"Étude in B minor, op. 25,10'","Frédéric Chopin. Étude in B minor, op. 25,10'",Wolfgang A. Mozart,"Piano Concerto 20 in D minor, K. 466","Wolfgang A. Mozart. Piano Concerto 20 in D minor, K. 466', ",NaN,NaN,NaN,NaN
Natalia Sokolovskaya,Russia,Franz Liszt,"Étude in E-flat major from Grandes Études de Paganini, S.141,2'","Franz Liszt. Étude in E-flat major from Grandes Études de Paganini, S.141,2'",Natalia Sokolovskaya,Eight Variations on a Theme of Paganini,Natalia Sokolovskaya. Eight Variations on a Theme of Paganini',NaN,NaN,NaN,NaN
Natalia Sokolovskaya,Russia,Wolfgang A,"Mozart. Sonata 14 in C minor, K. 457'","Wolfgang A. Mozart. Sonata 14 in C minor, K. 457'",Carl Philip Emanuel Bach,12 Variations on La Folie d'Espagne',Carl Philip Emanuel Bach. 12 Variations on La Folie d'Espagne'',Pyotr Tchaikovsky,"Piano Concerto 1 in B-flat minor, Op. 23","'Pyotr Tchaikovsky. Piano Concerto 1 in B-flat minor, Op. 23'",NaN
Nikita Abrosimov,Russia,Franz Liszt,"Mazeppa from Transcendental Études, S. 139,4', ","Franz Liszt. Mazeppa from Transcendental Études, S. 139,4', ",NaN,NaN,NaN,NaN,NaN,NaN,NaN
Nikita Abrosimov,Russia,Sergei Rachmaninov,"Étude-tableau in C minor, Op. 39,1'","Sergei Rachmaninov. Étude-tableau in C minor, Op. 39,1'",NaN,NaN,NaN,NaN,NaN,NaN,NaN
Nikita Abrosimov,Russia,Pyotr Tchaikovsky,Adagio from Sleeping Beauty (transcription by MikhailPletnev)',Pyotr Tchaikovsky. Adagio from Sleeping Beauty (transcription by MikhailPletnev)',NaN,NaN,NaN,NaN,NaN,NaN,NaN
Nikita Abrosimov,Russia,Frédéric Chopin,"Étude in C-sharp minor, Op. 10,4'","Frédéric Chopin. Étude in C-sharp minor, Op. 10,4'",Wolfgang A. Mozart,"Piano Concerto 27 in B-flat major, K. 595","Wolfgang A. Mozart. Piano Concerto 27 in B-flat major, K. 595', ",NaN,NaN,NaN,NaN
Nikita Abrosimov,Russia,Ludwig van Beethoven,"Sonata 15 in D major, Op. 28'","Ludwig van Beethoven. Sonata 15 in D major, Op. 28'",Sergei Prokofiev,"Sonata 8 in B-flat major, Op. 84","Sergei Prokofiev. Sonata 8 in B-flat major, Op. 84'",Sergei Prokofiev,"Piano Concerto 2 in G minor, Op. 16","Sergei Prokofiev. Piano Concerto 2 in G minor, Op. 16']",NaN
Nikita Abrosimov,Russia,Johann S. Bach,"Prélude and Fugue in E minor, Well-Tempered Clavier, Book 2,BWV 879'","Johann S. Bach. Prélude and Fugue in E minor, Well-Tempered Clavier, Book 2,BWV 879'",'Sergei Rachmaninov,"Variations on a Theme of Corelli in D minor, Op. 42","'Sergei Rachmaninov. Variations on a Theme of Corelli in D minor, Op. 42'",Pyotr Tchaikovsky,"Piano Concerto 1 in B-flat minor, Op. 23","'Pyotr Tchaikovsky. Piano Concerto 1 in B-flat minor, Op. 23'",NaN
Nikolay Medvedev,Russia,Joseph Haydn,"Sonata in D major, Hob. XVI/24'","Joseph Haydn. Sonata in D major, Hob. XVI/24'",Claude Debussy,"Des Pas sur la Neige and Feux d'Artifce from the 24 Préludes for piano, L. 117,6; L. 123,12","Claude Debussy. Des Pas sur la Neige and Feux d'Artifce from the 24 Préludes for piano, L. 117,6; L. 123,12'",Sergei Rachmaninov,"Piano Concerto 3 in D minor, Op. 30","Sergei Rachmaninov. Piano Concerto 3 in D minor, Op. 30']",NaN
Nikolay Medvedev,Russia,Sergei Rachmaninov,"Étude-tableau in E-flat minor, Op. 39,5'","Sergei Rachmaninov. Étude-tableau in E-flat minor, Op. 39,5'",NaN,NaN,NaN,NaN,NaN,NaN,NaN
Nikolay Medvedev,Russia,Pyotr Tchaikovsky,"Grand Sonata in G major, Op. 37a, 2nd movement, Andante', ","Pyotr Tchaikovsky. Grand Sonata in G major, Op. 37a, 2nd movement, Andante', ",NaN,NaN,NaN,NaN,NaN,NaN,NaN
Nikolay Medvedev,Russia,Frédéric Chopin,"Étude in A minor, Op. 25,11'","Frédéric Chopin. Étude in A minor, Op. 25,11'",Franz Liszt ‚Äî Feruccio Busoni,Réminiscences de Don Juanbased on Mozart's opera,Franz Liszt ‚Äî Feruccio Busoni. Réminiscences de Don Juanbased on Mozart's opera',NaN,NaN,NaN,NaN
Nikolay Medvedev,Russia,Franz Liszt,"Étude Wilde Jagd from Transcendental Études, S. 139'","Franz Liszt. Étude Wilde Jagd from Transcendental Études, S. 139'",Wolfgang A. Mozart,"Piano Concerto 20 in D minor, K. 466","Wolfgang A. Mozart. Piano Concerto 20 in D minor, K. 466', ",NaN,NaN,NaN,NaN
Nikolay Medvedev,Russia,Johann S. Bach,"Prélude and Fugue in A-flat major, Well-Tempered Clavier,Book 2, BWV 886'","Johann S. Bach. Prélude and Fugue in A-flat major, Well-Tempered Clavier,Book 2, BWV 886'",Sergei Prokofiev,"Sonata 6 in A major, Op. 82","Sergei Prokofiev. Sonata 6 in A major, Op. 82'",Pyotr Tchaikovsky,"Piano Concerto 1 in B-flat minor, Op. 23","'Pyotr Tchaikovsky. Piano Concerto 1 in B-flat minor, Op. 23'",NaN
Reed Tetzloff,USA,Johann S. Bach,"Prélude and Fugue in B-flat minor, The Well-Tempered Clavier,Book 1, BWV 867, 22'","J.S. Bach. Prélude and Fugue in B-flat minor, The Well-Tempered Clavier,Book 1, BWV 867, 22'",César Franck,"Prélude, chorale and fugue for piano, M. 21","César Franck. Prélude, chorale and fugue for piano, M. 21'",Pyotr Tchaikovsky,"Piano Concerto 1 in B-flat minor, Op. 23","'Pyotr Tchaikovsky. Piano Concerto 1 in B-flat minor, Op. 23'",NaN
Reed Tetzloff,USA,Joseph Haydn,"Piano Sonata in E-flat major, Hob. XIV/52'","Joseph Haydn. Piano Sonata in E-flat major, Hob. XIV/52'",Alexander Scriabin,"Piano Sonata 7 (White Mass), Op. 64","Alexander Scriabin. Piano Sonata 7 (White Mass), Op. 64'",Franz Liszt,"Piano Concerto 2 in A major, S. 125","Franz Liszt. Piano Concerto 2 in A major, S. 125']",NaN
Reed Tetzloff,USA,Pyotr Tchaikovsky,"Méditation, Op. 72, 5'","Pyotr Tchaikovsky. Méditation, Op. 72, 5'",Domenico Scarlatti,"Sonata in B minor, K. 27 (L. 449)","Domenico Scarlatti. Sonata in B minor, K. 27 (L. 449)'",NaN,NaN,NaN,NaN
Reed Tetzloff,USA,Frédéric Chopin,"Étude in F major, Op. 10, 8'","Frédéric Chopin. Étude in F major, Op. 10, 8'",Charles T.Grifes,"Piano Sonata, A. 85","Charles T.Grifes. Piano Sonata, A. 85'",NaN,NaN,NaN,NaN
Reed Tetzloff,USA,Franz Liszt,"Chasse-Neige from the Transcendental Études for piano,S. 139, 12'","Franz Liszt. Chasse-Neige from the Transcendental Études for piano,S. 139, 12'",Nikolai Kapustin,"Variations, Op. 41","Nikolai Kapustin. Variations, Op. 41'",NaN,NaN,NaN,NaN
Reed Tetzloff,USA,Sergei Rachmaninov,"Étude-tableau in E-flat major, Op. 33, 7', ","Sergei Rachmaninov. Étude-tableau in E-flat major, Op. 33, 7', ",Wolfgang A. Mozart,"Piano Concerto 23 in A major, K. 488","W.A. Mozart. Piano Concerto 23 in A major, K. 488', ",NaN,NaN,NaN,NaN
Sangyoung Kim,South Korea,Franz Liszt,"Étude in A major from the Grandes Études de, S. 141, 6', ","Franz Liszt. Étude in A major from the Grandes Études de, S. 141, 6', ",NaN,NaN,NaN,NaN,NaN,NaN,NaN
Sangyoung Kim,South Korea,Johann S. Bach,"Prélude and Fugue in B major, Well-Tempered Clavier, Book 2,BWV 892, 23'","Johann S. Bach. Prélude and Fugue in B major, Well-Tempered Clavier, Book 2,BWV 892, 23'",Carl Czerny,"Variations on a Theme by Rode (La Ricordanza), Op. 33","Carl Czerny. Variations on a Theme by Rode (La Ricordanza), Op. 33'",'W.A,"Mozart. Piano Concerto 23 in A major, K. 488","'W.A. Mozart. Piano Concerto 23 in A major, K. 488'",NaN
Sangyoung Kim,South Korea,Frédéric Chopin,"Étude in G-sharp minor, op. 25, 6'","Frédéric Chopin. Étude in G-sharp minor, op. 25, 6'",NaN,NaN,NaN,NaN,NaN,NaN,NaN
Sangyoung Kim,South Korea,Sergei Rachmaninov,"Étude-tableau in F-sharp minor, Op. 39, 3'","Sergei Rachmaninov. Étude-tableau in F-sharp minor, Op. 39, 3'",Wolfgang A. Mozart,"Piano Concerto 23 in A major, K. 488","W.A. Mozart. Piano Concerto 23 in A major, K. 488', ",NaN,NaN,NaN,NaN
Sangyoung Kim,South Korea,Pyotr Tchaikovsky,"Grand Piano Sonata in G major, Op. 37a, frst movement,Moderato e risoluto'","Pyotr Tchaikovsky. Grand Piano Sonata in G major, Op. 37a, frst movement,Moderato e risoluto'",Pyotr Tchaikovsky,Scherzo from Symphony 6 (Pathétique) transcribed for pianoby Samuel Feinberg,Pyotr Tchaikovsky. Scherzo from Symphony 6 (Pathétique) transcribed for pianoby Samuel Feinberg',NaN,NaN,NaN,NaN
Sangyoung Kim,South Korea,Pyotr Tchaikovsky,"Nocturne in C-sharp minor, Op. 19, 4'","Pyotr Tchaikovsky. Nocturne in C-sharp minor, Op. 19, 4'",Ludwig van Beethoven,"15 Variations and Fugue on the contradance theme fromthe ballet The Creatures of Prometheus (Eroica Variations), Op. 35","Ludwig van Beethoven. 15 Variations and Fugue on the contradance theme fromthe ballet The Creatures of Prometheus (Eroica Variations), Op. 35'",Sergei Prokofiev,"Piano Concerto 2 in G minor, Op. 16","Sergei Prokofiev. Piano Concerto 2 in G minor, Op. 16']",NaN
Sangyoung Kim,South Korea,Joseph Haydn,"Piano Sonata in C minor, Hob. XVI/20'","Joseph Haydn. Piano Sonata in C minor, Hob. XVI/20'",Alexander Scriabin,"Piano Sonata 5 in F-sharp major, Op. 53","Alexander Scriabin. Piano Sonata 5 in F-sharp major, Op. 53'",Pyotr Tchaikovsky,"Piano Concerto 1 in B-flat minor, Op. 23","Pyotr Tchaikovsky. Piano Concerto 1 in B-flat minor, Op. 23'",NaN
Sergei Redkin,Russia,Pyotr Tchaikovsky,"From 18 pieces: Echo rustique, Dialogue, Un poco di Chopinand Dance Scene, Op.72/13, 8, 15, 18', ","Pyotr Tchaikovsky. From 18 pieces: Echo rustique, Dialogue, Un poco di Chopinand Dance Scene, Op.72/13, 8, 15, 18', ",NaN,NaN,NaN,NaN,NaN,NaN,3
Sergei Redkin,Russia,Ludwig van Beethoven,"Sonata 30 in E major, Op. 109'","Ludwig van Beethoven. Sonata 30 in E major, Op. 109'",Franz Schubert – Franz Liszt,"Aufenthalt, Liebesbotschaf, Der M√ºller und derBach, Erlk√∂nig","Franz Schubert – Franz Liszt. Aufenthalt, Liebesbotschaf, Der M√ºller und derBach, Erlk√∂nig'",Sergei Prokofiev,"Piano Concerto 2 in G minor, Op. 16","Sergei Prokofiev. Piano Concerto 2 in G minor, Op. 16']",3
Sergei Redkin,Russia,Frédéric Chopin,"Étude in F major, Op. 10,8'","Frédéric Chopin. Étude in F major, Op. 10,8'",Sergei Prokofiev,"Sonata 8 in B-flat major, Op. 84","Sergei Prokofiev. Sonata 8 in B-flat major, Op. 84'",NaN,NaN,NaN,3
Sergei Redkin,Russia,Johann S. Bach,"Prélude and Fugue in B major, Well-Tempered Clavier, Book 2,BWV 892'","Johann S. Bach. Prélude and Fugue in B major, Well-Tempered Clavier, Book 2,BWV 892'",Johann S. Bach,"Bach. Toccata in C minor, BWV 911","Johann S. Bach. Toccata in C minor, BWV 911'",Pyotr Tchaikovsky,"Piano Concerto 1 in B-flat minor, Op. 23","'Pyotr Tchaikovsky. Piano Concerto 1 in B-flat minor, Op. 23'",3
Sergei Redkin,Russia,Franz Liszt,"Chasse-Neige from Transcendental Études, S. 139,12'","Franz Liszt. Chasse-Neige from Transcendental Études, S. 139,12'",Wolfgang A. Mozart,"Piano Concerto 12 in A major, K. 414","Wolfgang A. Mozart. Piano Concerto 12 in A major, K. 414', ",NaN,NaN,NaN,3
Sergei Redkin,Russia,Sergei Rachmaninov,"Étude-tableau in A minor, Op. 39,6'","Sergei Rachmaninov. Étude-tableau in A minor, Op. 39,6'",NaN,NaN,NaN,NaN,NaN,NaN,3
Shino Hidaka,Japan,Franz Liszt,"Chasse-Neige from Transcendental Études, S. 139,12'","Franz Liszt. Chasse-Neige from Transcendental Études, S. 139,12'",Sergei Rachmaninov,"Sonata 2 in B-flat minor, Op.36","Sergei Rachmaninov. Sonata 2 in B-flat minor, Op.36'",NaN,NaN,NaN,NaN
Shino Hidaka,Japan,Johann S. Bach,"Prélude and Fugue in C-sharp minor, Well-Tempered Clavier,Book 2, BWV 873'","Johann S. Bach. Prélude and Fugue in C-sharp minor, Well-Tempered Clavier,Book 2, BWV 873'",Frédéric Chopin,"Ballade 4 in F minor, Op. 52","Frédéric Chopin. Ballade 4 in F minor, Op. 52'",Pyotr Tchaikovsky,"Piano Concerto 1 in B-flat minor, Op. 23","'Pyotr Tchaikovsky. Piano Concerto 1 in B-flat minor, Op. 23'",NaN
Shino Hidaka,Japan,Ludwig van Beethoven,"Sonata 26 in E-flat major (The Farewell), Op. 81a'","Ludwig van Beethoven. Sonata 26 in E-flat major (The Farewell), Op. 81a'",Sergei Prokofiev,"Toccata in D minor, Op. 11","Sergei Prokofev. Toccata in D minor, Op. 11'",Sergei Prokofiev,"Piano Concerto 2 in G minor, Op. 16","Sergei Prokofiev. Piano Concerto 2 in G minor, Op. 16']",NaN
Shino Hidaka,Japan,Pyotr Tchaikovsky,"Dumka, Op. 59'","Pyotr Tchaikovsky. Dumka, Op. 59'",Pyotr Tchaikovsky,"October: Autumn Song from The Seasons Op. 3,10","Pyotr Tchaikovsky. October: Autumn Song from The Seasons Op. 3,10'",NaN,NaN,NaN,NaN
Shino Hidaka,Japan,Frédéric Chopin,"Étude in G-sharp minor, op. 25,6'","Frédéric Chopin. Étude in G-sharp minor, op. 25,6'",Erwin Schulhof,"Charleston, Chanson, Tango and Toccata from Cinq Études deJazz, Op. 58/1, 3, 4 and 5","Erwin Schulhof. Charleston, Chanson, Tango and Toccata from Cinq Études deJazz, Op. 58/1, 3, 4 and 5'",NaN,NaN,NaN,NaN
Shino Hidaka,Japan,Sergei Rachmaninov,"Étude-tableau in D major, Op. 39,9', ","Sergei Rachmaninov. Étude-tableau in D major, Op. 39,9', ",Wolfgang A. Mozart,"Piano Concerto 23 in A major, K. 488","Wolfgang A. Mozart. Piano Concerto 23 in A major, K. 488', ",NaN,NaN,NaN,NaN
Yury Favorin,Russia,Ludwig van Beethoven,"Sonata 11 in B-flat major, Op. 22'","Ludwig van Beethoven. Sonata 11 in B-flat major, Op. 22'",Maurice Ravel,Alborada del gracioso from Miroirs,Maurice Ravel. Alborada del gracioso from Miroirs',Sergei Rachmaninov,"Piano Concerto 2 in C minor, Op. 18","Sergei Rachmaninov. Piano Concerto 2 in C minor, Op. 18']",NaN
Yury Favorin,Russia,Pyotr Tchaikovsky,"Nocturne and Humoresque, Op. 10'","Pyotr Tchaikovsky. Nocturne and Humoresque, Op. 10'",Franz Liszt,"Réminiscences des Puritains based on Bellini's opera, S. 390","Franz Liszt. Réminiscences des Puritains based on Bellini's opera, S. 390'",NaN,NaN,NaN,NaN
Yury Favorin,Russia,Frédéric Chopin,"Étude in B minor, op. 25,10'","Frédéric Chopin. Étude in B minor, op. 25,10'",Igor Stravinsky,"Three Movements from Petrushka: Dance Russe, Chez Petrushka,La Semaine grasse","Igor Stravinsky. Three Movements from Petrushka: Dance Russe, Chez Petrushka,La Semaine grasse'",NaN,NaN,NaN,NaN
Yury Favorin,Russia,Franz Liszt,"Chasse-Neige from Transcendental Études, S. 139,12'","Franz Liszt. Chasse-Neige from Transcendental Études, S. 139,12'",Wolfgang A. Mozart,"Piano Concerto 12 in A major, K. 414","Wolfgang A. Mozart. Piano Concerto 12 in A major, K. 414', ",NaN,NaN,NaN,NaN
Yury Favorin,Russia,Sergei Rachmaninov,"Étude-tableau in D major, Op. 39,9', ","Sergei Rachmaninov. Étude-tableau in D major, Op. 39,9', ",NaN,NaN,NaN,NaN,NaN,NaN,NaN
Yury Favorin,Russia,Johann S. Bach,"Prélude and Fugue in A minor, Well-Tempered Clavier, Book 2,BWV 889'","Johann S. Bach. Prélude and Fugue in A minor, Well-Tempered Clavier, Book 2,BWV 889'",Franz Schubert,,"Franz Schubert. Sonata E-flat major, D. 568'",Pyotr Tchaikovsky,"Piano Concerto 1 in B-flat minor, Op. 23","'Pyotr Tchaikovsky. Piano Concerto 1 in B-flat minor, Op. 23'",NaN
,,,,,,,NaN,,,NaN,NaN
,,,,,,,NaN,,,NaN,NaN
,,,,,,,NaN,,,NaN,NaN
,,,,,,,NaN,,,NaN,NaN
,,,,,,,NaN,,,NaN,NaN
,,,,,,,NaN,,,NaN,NaN
,,,,,,,NaN,,,NaN,NaN
,,,,,,,NaN,,,NaN,NaN
,,,,,,,NaN,,,NaN,NaN
,,,,,,,NaN,,,NaN,NaN
,,,,,,,NaN,,,NaN,NaN
,,,,,,,NaN,,,NaN,NaN
,,,,,,,NaN,,,NaN,NaN
,,,,,,,NaN,,,NaN,NaN
,,,,,,,NaN,,,NaN,NaN
,,,,,,,NaN,,,NaN,NaN
,,,,,,,NaN,,,NaN,NaN
,,,,,,,NaN,,,NaN,NaN
,,,,,,,NaN,,,NaN,NaN
,,,,,,,NaN,,,NaN,NaN
,,,,,,,NaN,,,NaN,NaN
,,,,,,,NaN,,,NaN,NaN
,,,,,,,NaN,,,NaN,NaN
,,,,,,,NaN,,,NaN,NaN
,,,,,,,NaN,,,NaN,NaN
,,,,,,,NaN,,,NaN,NaN
,,,,,,,NaN,,,NaN,NaN
,,,,,,,NaN,,,NaN,NaN
,,,,,,,NaN,,,NaN,NaN
,,,,,,,NaN,,,NaN,NaN
,,,,,,,NaN,,,NaN,NaN
,,,,,,,NaN,,,NaN,NaN
,,,,,,,NaN,,,NaN,NaN
,,,,,,,NaN,,,NaN,NaN
,,,,,,,NaN,,,NaN,NaN
,,,,,,,NaN,,,NaN,NaN
,,,,,,,NaN,,,NaN,NaN
,,,,,,,NaN,,,NaN,NaN
,,,,,,,NaN,,,NaN,NaN
,,,,,,,NaN,,,NaN,NaN
,,,,,,,NaN,,,NaN,NaN
,,,,,,,NaN,,,NaN,NaN
,,,,,,,NaN,,,NaN,NaN
,,,,,,,NaN,,,NaN,NaN
,,,,,,,NaN,,,NaN,NaN
,,,,,,,NaN,,,NaN,NaN
,,,,,,,NaN,,,NaN,NaN
,,,,,,,NaN,,,NaN,NaN
,,,,,,,NaN,,,NaN,NaN
,,,,,,,NaN,,,NaN,NaN
,,,,,,,NaN,,,NaN,NaN
,,,,,,,NaN,,,NaN,NaN
,,,,,,,NaN,,,NaN,NaN
,,,,,,,NaN,,,NaN,NaN
,,,,,,,NaN,,,NaN,NaN
,,,,,,,NaN,,,NaN,NaN
,,,,,,,NaN,,,NaN,NaN
,,,,,,,NaN,,,NaN,NaN
,,,,,,,NaN,,,NaN,NaN
,,,,,,,NaN,,,NaN,NaN
,,,,,,,NaN,,,NaN,NaN
,,,,,,,NaN,,,NaN,NaN
,,,,,,,NaN,,,NaN,NaN
,,,,,,,NaN,,,NaN,NaN
,,,,,,,NaN,,,NaN,NaN
,,,,,,,NaN,,,NaN,NaN
,,,,,,,NaN,,,NaN,NaN
,,,,,,,NaN,,,NaN,NaN
,,,,,,,NaN,,,NaN,NaN
,,,,,,,NaN,,,NaN,NaN
,,,,,,,NaN,,,NaN,NaN
,,,,,,,NaN,,,NaN,NaN
,,,,,,,NaN,,,NaN,NaN
,,,,,,,NaN,,,NaN,NaN
,,,,,,,NaN,,,NaN,NaN
,,,,,,,NaN,,,NaN,NaN
,,,,,,,NaN,,,NaN,NaN
,,,,,,,NaN,,,NaN,NaN
,,,,,,,NaN,,,NaN,NaN
,,,,,,,NaN,,,NaN,NaN
,,,,,,,NaN,,,NaN,NaN
,,,,,,,NaN,,,NaN,NaN
,,,,,,,NaN,,,NaN,NaN
,,,,,,,NaN,,,NaN,NaN
,,,,,,,NaN,,,NaN,NaN
,,,,,,,NaN,,,NaN,NaN
,,,,,,,NaN,,,NaN,NaN
,,,,,,,NaN,,,NaN,NaN