Stage,Stage Simple,Composer,Piece,Composite,Ranking
Preliminary,Preliminary,Beethoven,Fantasia in G Minor Op.77,Beethoven Fantasia in G Minor Op.77,1
Preliminary,Preliminary,Zaderatsky,Prelude and Fugue in D Major from '24 Preludes and Fugues',Zaderatsky Prelude and Fugue in D Major from '24 Preludes and Fugues',1
Preliminary,Preliminary,Harvey,48 Fugues for Frank Zappa No.6: G-Spot Tornado (2009),Harvey 48 Fugues for Frank Zappa No.6: G-Spot Tornado (2009),1
Preliminary,Preliminary,Sibelius,Impromptu in B Minor Op.5 No.5,Sibelius Impromptu in B Minor Op.5 No.5,1
Preliminary,Preliminary,Ravel,Une Barque sur l'Ocean from Miroirs,Ravel Une Barque sur l'Ocean from Miroirs,1
Preliminary,Preliminary,Mily Balakirev,Islamey,Mily Balakirev Islamey,1
Preliminary,Preliminary,Brahms,Sonata in C Major Op.1,Brahms Sonata in C Major Op.1,1
Preliminary,Preliminary,Stravinsky,Four Etudes Op.7,Stravinsky Four Etudes Op.7,1
Preliminary,Preliminary,Chopin,Andante Spianato and Grande Polonaise Brillante in E-flat Major Op.22,Chopin Andante Spianato and Grande Polonaise Brillante in E-flat Major Op.22,1
Preliminary,Preliminary,Bach,English Suite No.6 in D Minor BWV 811,Bach English Suite No.6 in D Minor BWV 811,1
Preliminary,Preliminary,Wagner-Liszt,Isolde's Liebestod,Wagner-Liszt Isolde's Liebestod,1
Preliminary,Preliminary,Hindemith,"Suite ""1922"" Op.26","Hindemith Suite ""1922"" Op.26",1
Preliminary Phase 1,Preliminary,Bach,English Suite No.2 in A Minor BWV 807,Bach English Suite No.2 in A Minor BWV 807,1
Preliminary Phase 1,Preliminary,Haydn,Sonata in E-flat Major Hob.XVI:52,Haydn Sonata in E-flat Major Hob.XVI:52,1
Preliminary Phase 1,Preliminary,Chopin,Scherzo No.1 in B Minor Op.20,Chopin Scherzo No.1 in B Minor Op.20,1
Preliminary Phase 1,Preliminary,Chopin,Etude in C Major Op.10 No.1,Chopin Etude in C Major Op.10 No.1,1
Preliminary Phase 1,Preliminary,Liszt,Paganini Etude No.6 in A Minor,Liszt Paganini Etude No.6 in A Minor,1
Preliminary Phase 2,Preliminary,Mozart,Sonata in D Major K.311,Mozart Sonata in D Major K.311,1
Preliminary Phase 2,Preliminary,Beethoven,"Sonata in F Minor Op.57 ""Appassionata""","Beethoven Sonata in F Minor Op.57 ""Appassionata""",1
Preliminary Phase 2,Preliminary,Chopin,Fantasy in F Minor Op.49,Chopin Fantasy in F Minor Op.49,1
Preliminary Phase 2,Preliminary,Berg,Sonata Op.1,Berg Sonata Op.1,1
Preliminary Recital,Preliminary,Haydn,Sonata in E-flat Major Hob.XVI:52,Haydn Sonata in E-flat Major Hob.XVI:52,1
Preliminary Recital,Preliminary,Chopin,Nocturne in B Major Op.9 No.3,Chopin Nocturne in B Major Op.9 No.3,1
Preliminary Recital,Preliminary,Brahms,Variations on a Theme of Paganini Books I and II,Brahms Variations on a Theme of Paganini Books I and II,1
Preliminary Recital,Preliminary,Chopin,Twelve Etudes Op.10,Chopin Twelve Etudes Op.10,1
Preliminary Recital,Preliminary,Debussy,Images Book I,Debussy Images Book I,1
Preliminary Recital,Preliminary,Liszt,La Campanella,Liszt La Campanella,1
Preliminary Recital,Preliminary,Beethoven,Sonata in A-flat Major Op.110,Beethoven Sonata in A-flat Major Op.110,1
Preliminary Recital,Preliminary,Chopin,Polonaise-Fantasy in A-flat Major Op.61,Chopin Polonaise-Fantasy in A-flat Major Op.61,1
Preliminary Recital,Preliminary,Stravinsky,Trois Mouvements de Pétrouchka,Stravinsky Trois Mouvements de Pétrouchka,1
Preliminary Recital,Preliminary,Haydn,Sonata in C Major Hob.XVI:48,Haydn Sonata in C Major Hob.XVI:48,1
Preliminary Recital,Preliminary,Hamelin,"Toccata on ""L'homme armé""","Hamelin Toccata on ""L'homme armé""",1
Preliminary Recital,Preliminary,Schubert-Liszt,Litanei auf das Fest Aller Seelen,Schubert-Liszt Litanei auf das Fest Aller Seelen,1
Preliminary Recital,Preliminary,Rachmaninoff,Sonata No.2 in B-flat Minor Op.36,Rachmaninoff Sonata No.2 in B-flat Minor Op.36,1
Preliminary Recital 1,Preliminary,Adams,China Gates,Adams China Gates,1
Preliminary Recital 1,Preliminary,rachmaninoff,Sonata No.1 in D Minor Op.28,rachmaninoff Sonata No.1 in D Minor Op.28,1
Preliminary Recital 2,Preliminary,Bach-Siloti,Prelude in B Minor,Bach-Siloti Prelude in B Minor,1
Preliminary Recital 2,Preliminary,Beethoven,Sonata in E Major Op.109,Beethoven Sonata in E Major Op.109,1
Preliminary Recital 2,Preliminary,Stravinsky,Trois Mouvements de Pétrouchka,Stravinsky Trois Mouvements de Pétrouchka,1
Preliminary Round,Preliminary,Rachmaninoff,Sonata No.2 in B-flat Minor Op.36,Rachmaninoff Sonata No.2 in B-flat Minor Op.36,1
Preliminary Round,Preliminary,Bach,Partita No.2 in C Minor BWV 826,Bach Partita No.2 in C Minor BWV 826,1
Preliminary Round,Preliminary,Liszt,Paganini Etude No.2 in E-flat Major,Liszt Paganini Etude No.2 in E-flat Major,1
Preliminary Round,Preliminary,Liszt,Hungarian Rhapsody No.6,Liszt Hungarian Rhapsody No.6,1
Preliminary Round,Preliminary,Rachmaninoff,Sonata No.2 in B-flat Minor Op.36,Rachmaninoff Sonata No.2 in B-flat Minor Op.36,1
Preliminary Round,Preliminary,Shostakovich,Prelude and Fugue in B-flat Major Op.87 No.21,Shostakovich Prelude and Fugue in B-flat Major Op.87 No.21,1
Preliminary Round,Preliminary,Wagner-Liszt,Isolde's Liebestod,Wagner-Liszt Isolde's Liebestod,1
Preliminary Round,Preliminary,Liszt,Réminiscences de Don Juan,Liszt Réminiscences de Don Juan,1
Preliminary Round,Preliminary,Hough,Fanfare Toccata,Hough Fanfare Toccata,1
Preliminary Round,Preliminary,Couperin,"""La Couperin"" from Pièces de clavecin Book IV Order 21","Couperin ""La Couperin"" from Pièces de clavecin Book IV Order 21",1
Preliminary Round,Preliminary,Mozart,Sonata No.9 in D Major K.311,Mozart Sonata No.9 in D Major K.311,1
Preliminary Round,Preliminary,Chopin,"Variations on ""La ci darem la mano"" Op.2","Chopin Variations on ""La ci darem la mano"" Op.2",1
Quarterfinal Recital,Quarterfinal,Schubert,Sonata in C Minor D.958,Schubert Sonata in C Minor D.958,1
Quarterfinal Recital,Quarterfinal,Ravel,La Valse,Ravel La Valse,1
Quarterfinal Rond,Quarterfinal,Bach,"""Ricercar a 3"" from The Musical Offering BWV 1079","Bach ""Ricercar a 3"" from The Musical Offering BWV 1079",1
Quarterfinal Rond,Quarterfinal,Scriabin,"Sonata No.2 in G-sharp Minor Op.19 (""Sonata-Fantasy"")","Scriabin Sonata No.2 in G-sharp Minor Op.19 (""Sonata-Fantasy"")",1
Quarterfinal Rond,Quarterfinal,Beethoven,"Variations and Fugue in E-flat Major Op.35 (""Eroica"")","Beethoven Variations and Fugue in E-flat Major Op.35 (""Eroica"")",1
Recital Program,Recital Program,Schumann,Carnaval Op.9,Schumann Carnaval Op.9,1
Recital Program,Recital Program,Corigliano,Fantasia on an Ostinato,Corigliano Fantasia on an Ostinato,1
Recital Program,Recital Program,Prokofiev,Sonata No.7 in B-flat Major Op.83,Prokofiev Sonata No.7 in B-flat Major Op.83,1
Semifinal,Semifinal,Nikolai Medtner,Sonata Op.53 No.1 'Romantica',Nikolai Medtner Sonata Op.53 No.1 'Romantica',1
Semifinal,Semifinal,Scriabin,Three Pieces Op.45,Scriabin Three Pieces Op.45,1
Semifinal,Semifinal,Chopin,Twelve Etudes Op.25,Chopin Twelve Etudes Op.25,1
Semifinal,Semifinal,Mozart,Piano Concerto No.9 in E-flat Major K.271,Mozart Piano Concerto No.9 in E-flat Major K.271,1
Semifinal Concerto,Semifinal,Mozart,Piano Concerto No.21 in C Major K.467,Mozart Piano Concerto No.21 in C Major K.467,1
Semifinal Concerto,Semifinal,Mozart,Piano Concerto No.22 in E-flat Major K.482,Mozart Piano Concerto No.22 in E-flat Major K.482,1
Semifinal Recital,Semifinal,Franck-Bauer,"Prelude, Fugue and Variation Op.18","Franck-Bauer Prelude, Fugue and Variation Op.18",1
Semifinal Recital,Semifinal,Bolcom,Nine Bagatelles,Bolcom Nine Bagatelles,1
Semifinal Recital,Semifinal,Beethoven,Sonata in E Major Op.109,Beethoven Sonata in E Major Op.109,1
Semifinal Recital,Semifinal,Schumann,Carnaval Op.9,Schumann Carnaval Op.9,1
Semifinal Recital,Semifinal,Prokofiev,Sarcasms Op.17,Prokofiev Sarcasms Op.17,1
Semifinal Recital,Semifinal,Liszt,Spanish Rhapsody,Liszt Spanish Rhapsody,1
Semifinal Recital,Semifinal,Schubert,Moments Musicaux D.780,Schubert Moments Musicaux D.780,1
Semifinal Recital,Semifinal,Judith Lang Zaimont,Impronta Digitale,Judith Lang Zaimont Impronta Digitale,1
Semifinal Recital,Semifinal,Stravinsky,Trois Mouvements de Pétrouchka,Stravinsky Trois Mouvements de Pétrouchka,1
Semifinal Recital,Semifinal,Schubert,Impromptu in F Minor Op.142 No.1,Schubert Impromptu in F Minor Op.142 No.1,1
Semifinal Recital,Semifinal,Schubert,Impromptu in B-flat Major Op.142 No.3,Schubert Impromptu in B-flat Major Op.142 No.3,1
Semifinal Recital,Semifinal,Brahms,Variations on a Theme of Paganini Books I and II,Brahms Variations on a Theme of Paganini Books I and II,1
Semifinal Recital,Semifinal,Judith Lang Zaimont,Impronta Digitale,Judith Lang Zaimont Impronta Digitale,1
Semifinal Recital,Semifinal,Scriabin,"Sonata No.9 Op.68 ""Black Mass""","Scriabin Sonata No.9 Op.68 ""Black Mass""",1
Semifinal Recital,Semifinal,Barber,Sonata Op.26,Barber Sonata Op.26,1
Semifinal Recital,Semifinal,Ruth Schonthal,Sonata quasi un'improvvisazione,Ruth Schonthal Sonata quasi un'improvvisazione,1
Semifinal Recital,Semifinal,Schumann,Symphonic Etudes Op.13,Schumann Symphonic Etudes Op.13,1
Semifinal Recital,Semifinal,Rachmaninoff,Etudes-Tableaux Op.33,Rachmaninoff Etudes-Tableaux Op.33,1
Semifinal Recital,Semifinal,Beethoven,"Sonata in B-flat Major Op.106 ""Hammerklavier""","Beethoven Sonata in B-flat Major Op.106 ""Hammerklavier""",1
Semifinal Recital,Semifinal,Musto,Improvisation & Fugue,Musto Improvisation & Fugue,1
Semifinal Recital,Semifinal,Chopin,Twenty-four Preludes Op.28,Chopin Twenty-four Preludes Op.28,1
Semifinal Recital,Semifinal,Bates,White Lies for Lomax,Bates White Lies for Lomax,1
Semifinal Recital,Semifinal,Liszt,Spanish Rhapsody,Liszt Spanish Rhapsody,1
Semifinal Recital,Semifinal,Theofanidis,Birichino,Theofanidis Birichino,1
Semifinal Recital,Semifinal,Liszt,Transcendental Etudes,Liszt Transcendental Etudes,1
Semifinal Recital,Semifinal,Beethoven,Sonata in E Major Op.109,Beethoven Sonata in E Major Op.109,1
Semifinal Recital,Semifinal,Strauss-Grainger,"""Ramble on the Last Love-duet"" from Der Rosenkavalier","Strauss-Grainger ""Ramble on the Last Love-duet"" from Der Rosenkavalier",1
Semifinal Recital,Semifinal,Prokofiev,Sonata No.6 in A Major Op.82,Prokofiev Sonata No.6 in A Major Op.82,1
Semifinal Recital,Semifinal,Haydn,Sonata in C Major Hob.XVI:50,Haydn Sonata in C Major Hob.XVI:50,1
Semifinal Recital,Semifinal,Rachmaninoff,Sonata No.2 in B-flat Minor Op.36,Rachmaninoff Sonata No.2 in B-flat Minor Op.36,1
Semifinal Recital,Semifinal,Gould,Ghost Waltzes for Piano,Gould Ghost Waltzes for Piano,1
Semifinal Recital,Semifinal,Mussorgsky,Pictures at an Exhibition,Mussorgsky Pictures at an Exhibition,1
Semifinal Round,Semifinal,Liszt,Transcendental Etudes,Liszt Transcendental Etudes,1
Preliminary,Preliminary,Bach-Busoni,Chaconne in D Minor,Bach-Busoni Chaconne in D Minor,2
Preliminary,Preliminary,Brahms,Intermezzo in B-flat Minor Op.117 No.2,Brahms Intermezzo in B-flat Minor Op.117 No.2,2
Preliminary,Preliminary,Liszt,Six Paganini Etudes,Liszt Six Paganini Etudes,2
Preliminary Phase 1,Preliminary,Bach,Toccata in C Minor BWV 911,Bach Toccata in C Minor BWV 911,2
Preliminary Phase 1,Preliminary,Haydn,Sonata in C Major Hob.XVI:50,Haydn Sonata in C Major Hob.XVI:50,2
Preliminary Phase 1,Preliminary,Chopin,Ballade No.1 in G Minor Op.23,Chopin Ballade No.1 in G Minor Op.23,2
Preliminary Phase 1,Preliminary,Chopin,Etude in A Minor Op.25 No.11,Chopin Etude in A Minor Op.25 No.11,2
Preliminary Phase 1,Preliminary,Debussy,Etude Pour les notes répétées,Debussy Etude Pour les notes répétées,2
Preliminary Phase 1,Preliminary,Bach,Toccata in G Minor BWV 915,Bach Toccata in G Minor BWV 915,2
Preliminary Phase 1,Preliminary,Beethoven,Sonata in B-flat Major Op.22,Beethoven Sonata in B-flat Major Op.22,2
Preliminary Phase 1,Preliminary,Chopin,Ballade No.4 in F Minor Op.52,Chopin Ballade No.4 in F Minor Op.52,2
Preliminary Phase 1,Preliminary,Chopin,Etude in A Minor Op.25 No.11,Chopin Etude in A Minor Op.25 No.11,2
Preliminary Phase 1,Preliminary,Schumann,Toccata in C Major Op.7,Schumann Toccata in C Major Op.7,2
Preliminary Phase 2,Preliminary,Mozart,Sonata in C Minor K.457,Mozart Sonata in C Minor K.457,2
Preliminary Phase 2,Preliminary,Beethoven,Sonata in C Minor Op.111,Beethoven Sonata in C Minor Op.111,2
Preliminary Phase 2,Preliminary,Liszt,Mephisto Waltz No.1,Liszt Mephisto Waltz No.1,2
Preliminary Phase 2,Preliminary,Mozart,Sonata in D Major K.576,Mozart Sonata in D Major K.576,2
Preliminary Phase 2,Preliminary,Brahms,Variations on a Theme by Schumann Op.9,Brahms Variations on a Theme by Schumann Op.9,2
Preliminary Phase 2,Preliminary,Barber,Sonata Op.26,Barber Sonata Op.26,2
Preliminary Recital,Preliminary,Haydn,Sonata in C Major Hob.XVI:48,Haydn Sonata in C Major Hob.XVI:48,2
Preliminary Recital,Preliminary,Schumann,Fantasiestücke Op.12,Schumann Fantasiestücke Op.12,2
Preliminary Recital,Preliminary,Liszt,Spanish Rhapsody,Liszt Spanish Rhapsody,2
Preliminary Recital,Preliminary,Franck-Bauer,"Prelude, Fugue and Variation Op.18","Franck-Bauer Prelude, Fugue and Variation Op.18",2
Preliminary Recital,Preliminary,Hamelin,"Toccata on ""L'homme armé""","Hamelin Toccata on ""L'homme armé""",2
Preliminary Recital,Preliminary,Bach,Toccata in C Minor BWV 911,Bach Toccata in C Minor BWV 911,2
Preliminary Recital,Preliminary,Barber,Sonata Op.26,Barber Sonata Op.26,2
Preliminary Recital 1,Preliminary,Bach,French Suite No.5 in G Major BWV 816,Bach French Suite No.5 in G Major BWV 816,2
Preliminary Recital 1,Preliminary,Bartók,Three Etudes Op.18,Bartók Three Etudes Op.18,2
Preliminary Recital 1,Preliminary,Chopin,Three Mazurkas Op.59,Chopin Three Mazurkas Op.59,2
Preliminary Recital 1,Preliminary,Scriabin,Sonata No.5 in F-sharp Major Op.53,Scriabin Sonata No.5 in F-sharp Major Op.53,2
Preliminary Recital 1,Preliminary,Clementi,Sonata in B Minor Op.40 No.2,Clementi Sonata in B Minor Op.40 No.2,2
Preliminary Recital 1,Preliminary,Schumann,Symphonic Etudes Op.13,Schumann Symphonic Etudes Op.13,2
Preliminary Recital 2,Preliminary,Beethoven,"Sonata in B-flat Major Op.106 ""Hammerklavier""","Beethoven Sonata in B-flat Major Op.106 ""Hammerklavier""",2
Preliminary Recital 2,Preliminary,Schumann,"Variations on the Name ""Abegg"" Op.1","Schumann Variations on the Name ""Abegg"" Op.1",2
Preliminary Recital 2,Preliminary,Ravel,Gaspard de la Nuit,Ravel Gaspard de la Nuit,2
Preliminary Recital 2,Preliminary,Bartók,Out of Doors,Bartók Out of Doors,2
Preliminary Round,Preliminary,Rachmaninoff,Sonata No.1 in D Minor Op.28,Rachmaninoff Sonata No.1 in D Minor Op.28,2
Preliminary Round,Preliminary,Medtner,Fairy Tale Op.26 No.3,Medtner Fairy Tale Op.26 No.3,2
Preliminary Round,Preliminary,Stravinsky,Trois Mouvements de Pétrouchka,Stravinsky Trois Mouvements de Pétrouchka,2
Preliminary Round,Preliminary,Mozart,Sonata in F Major K.332,Mozart Sonata in F Major K.332,2
Preliminary Round,Preliminary,Chopin,Sonata No.2 in B-flat Minor Op.35,Chopin Sonata No.2 in B-flat Minor Op.35,2
Preliminary Round,Preliminary,Scriabin,Sonata No.4 in F-sharp Major Op.30,Scriabin Sonata No.4 in F-sharp Major Op.30,2
Preliminary Round,Preliminary,Prokofiev,Etude in D Minor Op.2 No.1,Prokofiev Etude in D Minor Op.2 No.1,2
Preliminary Round,Preliminary,Schumann,Fantasiestücke Op.12,Schumann Fantasiestücke Op.12,2
Preliminary Round,Preliminary,Prokofiev,Sonata No.6 in A Major Op.82,Prokofiev Sonata No.6 in A Major Op.82,2
Preliminary Round,Preliminary,Bach,French Overture BWV 831,Bach French Overture BWV 831,2
Preliminary Round,Preliminary,Chopin,Andante Spianato and Grande Polonaise Brillante in E-flat Major Op.22,Chopin Andante Spianato and Grande Polonaise Brillante in E-flat Major Op.22,2
Preliminary Round,Preliminary,Liszt,Réminiscences de Don Juan,Liszt Réminiscences de Don Juan,2
Preliminary Round,Preliminary,Haydn,Sonata in D Major Hob.XVI:42,Haydn Sonata in D Major Hob.XVI:42,2
Preliminary Round,Preliminary,Hough,Fanfare Toccata,Hough Fanfare Toccata,2
Preliminary Round,Preliminary,rachmaninoff,Etudes-Tableaux Op.33,rachmaninoff Etudes-Tableaux Op.33,2
Quarterfinal,Quarterfinal,Brahms,Four Ballades Op.10,Brahms Four Ballades Op.10,2
Quarterfinal,Quarterfinal,Bartok,Sonata Sz. 80,Bartok Sonata Sz. 80,2
Quarterfinal Recital,Quarterfinal,Scriabin,Sonata No.4 in F-sharp Major Op.30,Scriabin Sonata No.4 in F-sharp Major Op.30,2
Quarterfinal Recital,Quarterfinal,Chopin,Mazurka Op.59 No.1 in A Minor,Chopin Mazurka Op.59 No.1 in A Minor,2
Quarterfinal Recital,Quarterfinal,Chopin,Mazurka Op.59 No.2 in A-flat Major,Chopin Mazurka Op.59 No.2 in A-flat Major,2
Quarterfinal Recital,Quarterfinal,Chopin,Mazurka Op.59 No.3 in F-sharp Minor,Chopin Mazurka Op.59 No.3 in F-sharp Minor,2
Quarterfinal Recital,Quarterfinal,Chopin,Ballade No.4 in F Minor Op.52,Chopin Ballade No.4 in F Minor Op.52,2
Quarterfinal Recital,Quarterfinal,Liszt,Après une lecture de Dante (Fantasia quasi Sonata),Liszt Après une lecture de Dante (Fantasia quasi Sonata),2
Semifinal Concerto,Semifinal,Mozart,Piano Concerto No.25 in C Major K.503,Mozart Piano Concerto No.25 in C Major K.503,2
Semifinal Concerto,Semifinal,Mozart,Piano Concerto No.25 in C Major K.503,Mozart Piano Concerto No.25 in C Major K.503,2
Semifinal Recital,Semifinal,Schumann,Allegro in B Minor Op.8,Schumann Allegro in B Minor Op.8,2
Semifinal Recital,Semifinal,Ravel,La Valse,Ravel La Valse,2
Semifinal Recital,Semifinal,Bolcom,Nine Bagatelles,Bolcom Nine Bagatelles,2
Semifinal Recital,Semifinal,Haydn,Sonata in G Major Hob.XVI:40,Haydn Sonata in G Major Hob.XVI:40,2
Semifinal Recital,Semifinal,Prokofiev,Sonata No.8 in B-flat Major Op.84,Prokofiev Sonata No.8 in B-flat Major Op.84,2
Semifinal Recital,Semifinal,Debussy,Suite Bergamasque,Debussy Suite Bergamasque,2
Semifinal Recital,Semifinal,Lowell Liebermann,Three Impromptus,Lowell Liebermann Three Impromptus,2
Semifinal Recital,Semifinal,Rachmaninoff,Sonata No.2 in B-flat Minor Op.36,Rachmaninoff Sonata No.2 in B-flat Minor Op.36,2
Semifinal Recital,Semifinal,Poulenc,Caprice Italien from Napoli,Poulenc Caprice Italien from Napoli,2
Semifinal Recital,Semifinal,Brahms,Variations on a Theme of Paganini Books I and II,Brahms Variations on a Theme of Paganini Books I and II,2
Semifinal Recital,Semifinal,Haydn,Sonata in A Major Hob.XVI:5,Haydn Sonata in A Major Hob.XVI:5,2
Semifinal Recital,Semifinal,Ravel,Oiseaux tristes from Miroirs,Ravel Oiseaux tristes from Miroirs,2
Semifinal Recital,Semifinal,Ravel,Alborada del gracioso from Miroirs,Ravel Alborada del gracioso from Miroirs,2
Semifinal Recital,Semifinal,Lowell Liebermann,Three Impromptus,Lowell Liebermann Three Impromptus,2
Semifinal Recital,Semifinal,Rachmaninoff,13 Preludes Op.32,Rachmaninoff 13 Preludes Op.32,2
Semifinal Recital,Semifinal,Scarlatti,Sonata in D Major K.492,Scarlatti Sonata in D Major K.492,2
Semifinal Recital,Semifinal,Scarlatti,Sonata in D Minor K.141,Scarlatti Sonata in D Minor K.141,2
Semifinal Recital,Semifinal,Sebastian Currier,Scarlatti Cadences + Brainstorm,Sebastian Currier Scarlatti Cadences + Brainstorm,2
Semifinal Recital,Semifinal,Beethoven,Sonata in E-flat Major Op.31 No.3,Beethoven Sonata in E-flat Major Op.31 No.3,2
Semifinal Recital,Semifinal,Liszt,Hungarian Rhapsody No.6,Liszt Hungarian Rhapsody No.6,2
Semifinal Recital,Semifinal,Vine,Sonata No.1,Vine Sonata No.1,2
Semifinal Recital,Semifinal,Debussy,Le vent dans la plaine from Preludes Book I,Debussy Le vent dans la plaine from Preludes Book I,2
Semifinal Recital,Semifinal,Debussy,Les sons et les parfums tournent dans l'air du soir from Preludes Book I,Debussy Les sons et les parfums tournent dans l'air du soir from Preludes Book I,2
Semifinal Recital,Semifinal,Debussy,Les Collines d'Anacapri from Preludes Book I,Debussy Les Collines d'Anacapri from Preludes Book I,2
Semifinal Recital,Semifinal,Debussy,Des pas sur la neige from Preludes Book I,Debussy Des pas sur la neige from Preludes Book I,2
Semifinal Recital,Semifinal,Debussy,Ce qu'a vu le vent d'Ouest from Preludes Book I,Debussy Ce qu'a vu le vent d'Ouest from Preludes Book I,2
Semifinal Recital,Semifinal,Debussy,La fille aux cheveux de lin from Preludes Book I,Debussy La fille aux cheveux de lin from Preludes Book I,2
Semifinal Recital,Semifinal,Strauss-Godowsky,Symphonic Metamorphosis on Die Fledermaus,Strauss-Godowsky Symphonic Metamorphosis on Die Fledermaus,2
Semifinal Recital,Semifinal,Bates,White Lies for Lomax,Bates White Lies for Lomax,2
Semifinal Recital,Semifinal,Barber,Sonata Op.26,Barber Sonata Op.26,2
Semifinal Recital,Semifinal,Ligeti,Etude Book II No.13: L'escalier du diable,Ligeti Etude Book II No.13: L'escalier du diable,2
Semifinal Recital,Semifinal,Brahms,Variations on an Original Theme Op.21 No.1,Brahms Variations on an Original Theme Op.21 No.1,2
Semifinal Recital,Semifinal,Ravel,Valses nobles et sentimentales,Ravel Valses nobles et sentimentales,2
Semifinal Recital,Semifinal,Theofanidis,Birichino,Theofanidis Birichino,2
Semifinal Recital,Semifinal,Stravinsky,Trois Mouvements de Pétrouchka,Stravinsky Trois Mouvements de Pétrouchka,2
Semifinal Recital,Semifinal,Scriabin,"Sonata No.2 in G-sharp Minor Op.19 (""Sonata-Fantasy"")","Scriabin Sonata No.2 in G-sharp Minor Op.19 (""Sonata-Fantasy"")",2
Semifinal Recital,Semifinal,Theofanidis,Birichino,Theofanidis Birichino,2
Semifinal Recital,Semifinal,Chopin,Twenty-four Preludes Op.28,Chopin Twenty-four Preludes Op.28,2
Semifinal Recital,Semifinal,Schubert,Four Impromptus Op.90,Schubert Four Impromptus Op.90,2
Semifinal Recital,Semifinal,Liszt,Sonata in B Minor,Liszt Sonata in B Minor,2
Semifinal Recital,Semifinal,Scarlatti,Sonata in B Minor L.449,Scarlatti Sonata in B Minor L.449,2
Semifinal Recital,Semifinal,Scarlatti,Sonata in D Major L.417,Scarlatti Sonata in D Major L.417,2
Semifinal Recital,Semifinal,Scarlatti,Sonata in D Minor L.423,Scarlatti Sonata in D Minor L.423,2
Semifinal Recital,Semifinal,Scarlatti,Sonata in A Major L.391,Scarlatti Sonata in A Major L.391,2
Semifinal Recital,Semifinal,Schumann,Carnaval Op.9,Schumann Carnaval Op.9,2
Semifinal Recital,Semifinal,Chopin,Scherzo No.1 in B Minor Op.20,Chopin Scherzo No.1 in B Minor Op.20,2
Semifinal Recital,Semifinal,Scriabin,"Sonata No.9 Op.68 ""Black Mass""","Scriabin Sonata No.9 Op.68 ""Black Mass""",2
Semifinal Recital,Semifinal,Gould,Ghost Waltzes for Piano,Gould Ghost Waltzes for Piano,2
Semifinal Recital,Semifinal,Horowitz-Kuleshov,Variations on Themes from Bizet's Carmen,Horowitz-Kuleshov Variations on Themes from Bizet's Carmen,2
Semifinal Round,Semifinal,Beethoven,Seven Bagatelles Op.33,Beethoven Seven Bagatelles Op.33,2
Semifinal Round,Semifinal,Verdi-Liszt,"Danza sacra e duetto finale di ""Aida""","Verdi-Liszt Danza sacra e duetto finale di ""Aida""",2
Semifinal Round,Semifinal,Prokofiev,Sonata No.8 in B-flat Major Op.84,Prokofiev Sonata No.8 in B-flat Major Op.84,2
Semifinals Recital,Semifinal,Schumann,Davidsbündlertänze Op.6,Schumann Davidsbündlertänze Op.6,2
Semifinals Recital,Semifinal,Ravel,Noctuelles from Miroirs,Ravel Noctuelles from Miroirs,2
Semifinals Recital,Semifinal,Ravel,Une barque sur l'ocean from Miroirs,Ravel Une barque sur l'ocean from Miroirs,2
Semifinals Recital,Semifinal,Prokofiev,Sonata No.3 in A Minor Op.28,Prokofiev Sonata No.3 in A Minor Op.28,2
Semifinals Recital,Semifinal,Corigliano,Fantasia on an Ostinato,Corigliano Fantasia on an Ostinato,2
Semifinals Recital,Semifinal,Schuman,Chester: Variations for Piano,Schuman Chester: Variations for Piano,2
Semifinals Recital,Semifinal,Schumann,"Variations on the Name ""Abegg"" Op.1","Schumann Variations on the Name ""Abegg"" Op.1",2
Semifinals Recital,Semifinal,Chopin,Sonata in F Minor Op.5,Chopin Sonata in F Minor Op.5,2
Preliminary,Preliminary,Tchaikovsky,Dialogue Op.72 No.8,Tchaikovsky Dialogue Op.72 No.8,3
Preliminary,Preliminary,Tchaikovsky,Un poco di Chopin Op.72 No.15,Tchaikovsky Un poco di Chopin Op.72 No.15,3
Preliminary,Preliminary,Tchaikovsky,Scène dansante: Invitation au trepak Op.72 No.18,Tchaikovsky Scène dansante: Invitation au trepak Op.72 No.18,3
Preliminary,Preliminary,Scarlatti,Sonata in G Minor K.8,Scarlatti Sonata in G Minor K.8,3
Preliminary,Preliminary,Grieg,'Butterfly' Op.43 No.1,Grieg 'Butterfly' Op.43 No.1,3
Preliminary,Preliminary,Grieg,'March of the Dwarfs' Op.54 No.3,Grieg 'March of the Dwarfs' Op.54 No.3,3
Preliminary,Preliminary,Liszt-Horowitz,Hungarian Rhapsody No.19,Liszt-Horowitz Hungarian Rhapsody No.19,3
Preliminary,Preliminary,Grainger,Ramble on Love from Richard Strauss's 'Der Rosenkavalier' (1922),Grainger Ramble on Love from Richard Strauss's 'Der Rosenkavalier' (1922),3
Preliminary,Preliminary,Rachmaninoff,Sonata No.2 in B-flat Minor Op.36,Rachmaninoff Sonata No.2 in B-flat Minor Op.36,3
Preliminary,Preliminary,Beethoven,Sonata in E Major Op.109,Beethoven Sonata in E Major Op.109,3
Preliminary,Preliminary,Schubert,Sonata in A Minor D.784,Schubert Sonata in A Minor D.784,3
Preliminary,Preliminary,Messiaen,Regard de l'Esprit de Joie from Vingt regards sur l'Enfant Jesus,Messiaen Regard de l'Esprit de Joie from Vingt regards sur l'Enfant Jesus,3
Preliminary,Preliminary,Bach,Goldberg Variations BWV 988,Bach Goldberg Variations BWV 988,3
Preliminary,Preliminary,Rachmaninoff,Etude-Tableau in D Minor Op.39 No.8,Rachmaninoff Etude-Tableau in D Minor Op.39 No.8,3
Preliminary,Preliminary,Rachmaninoff,Etude-Tableau in D Major Op.39 No.9,Rachmaninoff Etude-Tableau in D Major Op.39 No.9,3
Preliminary Phase 1,Preliminary,Bach,Partita No.5 in G Major BWV 829,Bach Partita No.5 in G Major BWV 829,3
Preliminary Phase 1,Preliminary,Beethoven,Sonata in E-flat Major Op.7,Beethoven Sonata in E-flat Major Op.7,3
Preliminary Phase 1,Preliminary,Chopin,Scherzo No.3 in C-sharp Minor Op.39,Chopin Scherzo No.3 in C-sharp Minor Op.39,3
Preliminary Phase 1,Preliminary,Chopin,Etude in A Minor Op.25 No.11,Chopin Etude in A Minor Op.25 No.11,3
Preliminary Phase 1,Preliminary,Schumann,Toccata in C Major Op.7,Schumann Toccata in C Major Op.7,3
Preliminary Phase 1,Preliminary,Bach,Toccata in E Minor BWV 914,Bach Toccata in E Minor BWV 914,3
Preliminary Phase 1,Preliminary,Beethoven,Sonata in D Major Op.10 No.3,Beethoven Sonata in D Major Op.10 No.3,3
Preliminary Phase 1,Preliminary,Chopin,Ballade No.4 in F Minor Op.52,Chopin Ballade No.4 in F Minor Op.52,3
Preliminary Phase 1,Preliminary,Chopin,Etude in F Major Op.10 No.8,Chopin Etude in F Major Op.10 No.8,3
Preliminary Phase 1,Preliminary,Liszt,Transcendental Etude No.8,Liszt Transcendental Etude No.8,3
Preliminary Phase 2,Preliminary,Mozart,Sonata in C Major K.330,Mozart Sonata in C Major K.330,3
Preliminary Phase 2,Preliminary,Beethoven,Sonata in A-flat Major Op.110,Beethoven Sonata in A-flat Major Op.110,3
Preliminary Phase 2,Preliminary,Liszt,Après une lecture de Dante (Fantasia quasi Sonata),Liszt Après une lecture de Dante (Fantasia quasi Sonata),3
Preliminary Phase 2,Preliminary,Scriabin,Sonata No.4 in F-sharp Major Op.30,Scriabin Sonata No.4 in F-sharp Major Op.30,3
Preliminary Phase 2,Preliminary,Mozart,Sonata in E-flat Major K.282,Mozart Sonata in E-flat Major K.282,3
Preliminary Phase 2,Preliminary,Chopin,Scherzo No.2 in B-flat Minor Op.31,Chopin Scherzo No.2 in B-flat Minor Op.31,3
Preliminary Phase 2,Preliminary,Prokofiev,"From Romeo and Juliet Suite Op.75: Father Lorenzo, Masks, Montagues and Capulets, Mercutio, Romeo Bids Juliet Farewell","Prokofiev From Romeo and Juliet Suite Op.75: Father Lorenzo, Masks, Montagues and Capulets, Mercutio, Romeo Bids Juliet Farewell",3
Preliminary Recital,Preliminary,Beethoven,Sonata in A-flat Major Op.110,Beethoven Sonata in A-flat Major Op.110,3
Preliminary Recital,Preliminary,Chopin,Etude in G-sharp Minor Op.25 No.6,Chopin Etude in G-sharp Minor Op.25 No.6,3
Preliminary Recital,Preliminary,Liszt,Transcendental Etude No.5,Liszt Transcendental Etude No.5,3
Preliminary Recital,Preliminary,Stravinsky,Etude Op.7 No.4,Stravinsky Etude Op.7 No.4,3
Preliminary Recital,Preliminary,Ravel,Gaspard de la Nuit,Ravel Gaspard de la Nuit,3
Preliminary Recital,Preliminary,Beethoven,Sonata No.31 in A-flat Major Op.110,Beethoven Sonata No.31 in A-flat Major Op.110,3
Preliminary Recital,Preliminary,Hamelin,"Toccata on ""L'homme armé""","Hamelin Toccata on ""L'homme armé""",3
Preliminary Recital,Preliminary,Liszt,Réminiscences de Don Juan,Liszt Réminiscences de Don Juan,3
Preliminary Round,Preliminary,Hough,Fanfare Toccata,Hough Fanfare Toccata,3
Preliminary Round,Preliminary,Schumann,Novelette in F-sharp Minor Op.21 No.8,Schumann Novelette in F-sharp Minor Op.21 No.8,3
Preliminary Round,Preliminary,rachmaninoff,Sonata No.2 in B-flat Minor Op.36,rachmaninoff Sonata No.2 in B-flat Minor Op.36,3
Quarterfinal,Quarterfinal,Prokofiev,Sarcasms Op.17,Prokofiev Sarcasms Op.17,3
Quarterfinal,Quarterfinal,Debussy,Et la lune descend sur le temple qui fut from Images Book II,Debussy Et la lune descend sur le temple qui fut from Images Book II,3
Quarterfinal,Quarterfinal,Debussy,L'isle joyeuse,Debussy L'isle joyeuse,3
Quarterfinal,Quarterfinal,Liszt,Après une lecture de Dante (Fantasia quasi Sonata),Liszt Après une lecture de Dante (Fantasia quasi Sonata),3
Quarterfinal Recital,Quarterfinal,Bach-Busoni,Chaconne in D Minor,Bach-Busoni Chaconne in D Minor,3
Quarterfinal Recital,Quarterfinal,Mussorgsky,Pictures at an Exhibition,Mussorgsky Pictures at an Exhibition,3
Recital Program,Recital Program,Beethoven,Sonata in A-flat Major Op.110,Beethoven Sonata in A-flat Major Op.110,3
Recital Program,Recital Program,Corigliano,Fantasia on an Ostinato,Corigliano Fantasia on an Ostinato,3
Recital Program,Recital Program,Mussorgsky,Pictures at an Exhibition,Mussorgsky Pictures at an Exhibition,3
Semifinal,Semifinal,Scriabin,Poem in F-sharp Major Op.32 No.1,Scriabin Poem in F-sharp Major Op.32 No.1,3
Semifinal,Semifinal,Scriabin,Sonata No.10 Op.70,Scriabin Sonata No.10 Op.70,3
Semifinal,Semifinal,Mozart,Sonata in C Major K.330,Mozart Sonata in C Major K.330,3
Semifinal,Semifinal,Liszt,Sonata in B Minor,Liszt Sonata in B Minor,3
Semifinal,Semifinal,Brahms,Two Rhapsodies Op.79,Brahms Two Rhapsodies Op.79,3
Semifinal,Semifinal,Scriabin,Sonata No.4 in F-sharp Major Op.30,Scriabin Sonata No.4 in F-sharp Major Op.30,3
Semifinal,Semifinal,Debussy,Images Book I,Debussy Images Book I,3
Semifinal,Semifinal,Ginastera,Sonata No.1 Op.22,Ginastera Sonata No.1 Op.22,3
Semifinal Concerto,Semifinal,Mozart,Piano Concerto No.21 in C Major K.467,Mozart Piano Concerto No.21 in C Major K.467,3
Semifinal Concerto,Semifinal,Mozart,Piano Concerto No.20 in D Minor K.466,Mozart Piano Concerto No.20 in D Minor K.466,3
Semifinal Recital,Semifinal,Schubert,Sonata in C Minor D.958,Schubert Sonata in C Minor D.958,3
Semifinal Recital,Semifinal,Scriabin,Sonata No.5 in F-sharp Major Op.53,Scriabin Sonata No.5 in F-sharp Major Op.53,3
Semifinal Recital,Semifinal,Bolcom,Nine Bagatelles,Bolcom Nine Bagatelles,3
Semifinal Recital,Semifinal,Chopin,Nocturne in C Minor Op.48 No.1,Chopin Nocturne in C Minor Op.48 No.1,3
Semifinal Recital,Semifinal,Chopin,Etude in B Minor Op.25 No.10,Chopin Etude in B Minor Op.25 No.10,3
Semifinal Recital,Semifinal,Schumann,Carnaval Op.9,Schumann Carnaval Op.9,3
Semifinal Recital,Semifinal,Sebastian Currier,Scarlatti Cadences + Brainstorm,Sebastian Currier Scarlatti Cadences + Brainstorm,3
Semifinal Recital,Semifinal,Chopin,Sonata No.3 in B Minor Op.58,Chopin Sonata No.3 in B Minor Op.58,3
Semifinal Recital,Semifinal,Schubert,Four Impromptus Op.90,Schubert Four Impromptus Op.90,3
Semifinal Recital,Semifinal,Brahms,Ghost Waltzes for Piano,Brahms Ghost Waltzes for Piano,3
Semifinal Recital,Semifinal,Gould,Sonata No.2,Gould Sonata No.2,3
Semifinal Recital,Semifinal,Boulez,Funérailles,Boulez Funérailles,3
Semifinal Recital,Semifinal,Liszt,Sonata in C Minor Op.111,Liszt Sonata in C Minor Op.111,3
Semifinal Recital,Semifinal,Beethoven,Chester: Variations for Piano,Beethoven Chester: Variations for Piano,3
Semifinals Recital,Semifinal,Schuman,"Sonata No.2 in G-sharp Minor Op.19 (""Sonata-Fantasy"")","Schuman Sonata No.2 in G-sharp Minor Op.19 (""Sonata-Fantasy"")",3
Semifinals Recital,Semifinal,Scriabin,Sonata No.2 in B-flat Minor Op.36,Scriabin Sonata No.2 in B-flat Minor Op.36,3
Semifinals Recital,Semifinal,Rachmaninoff,Scherzo Fantasy Op.72 No.10,Rachmaninoff Scherzo Fantasy Op.72 No.10,3
Preliminary,Preliminary,Tchaikovsky,Prelude and Fugue in C Major BWV 870,Tchaikovsky Prelude and Fugue in C Major BWV 870,4
Preliminary,Preliminary,Bach,Etudes-Tableau in A Minor Op.39 No.6,Bach Etudes-Tableau in A Minor Op.39 No.6,4
Preliminary,Preliminary,Rachmaninoff,Transcendental Etude No.8,Rachmaninoff Transcendental Etude No.8,4
Preliminary,Preliminary,Liszt,Etude in A-flat Major Op.10 No.10,Liszt Etude in A-flat Major Op.10 No.10,4
Preliminary,Preliminary,Chopin,Prelude and Fugue in E-flat Major BWV 852,Chopin Prelude and Fugue in E-flat Major BWV 852,4
Preliminary,Preliminary,Bach,Valse sentimentale Op.51 No.6,Bach Valse sentimentale Op.51 No.6,4
Preliminary,Preliminary,Tchaikovsky,Etude in G-sharp Minor Op.25 No.6,Tchaikovsky Etude in G-sharp Minor Op.25 No.6,4
Preliminary,Preliminary,Chopin,Etude-Tableau in E-flat Minor Op.39 No.5,Chopin Etude-Tableau in E-flat Minor Op.39 No.5,4
Preliminary,Preliminary,Rachmaninoff,Transcendental Etude No.10,Rachmaninoff Transcendental Etude No.10,4
Preliminary,Preliminary,Liszt,Sonata in D Major Op.10 No.3,Liszt Sonata in D Major Op.10 No.3,4
Preliminary,Preliminary,Beethoven,Prelude and Fugue in A-flat Major BWV 862,Beethoven Prelude and Fugue in A-flat Major BWV 862,4
Preliminary,Preliminary,Bach,Après une lecture de Dante (Fantasia quasi Sonata),Bach Après une lecture de Dante (Fantasia quasi Sonata),4
Preliminary,Preliminary,Liszt,Jeux d'eau,Liszt Jeux d'eau,4
Preliminary,Preliminary,Ravel,Sonata Op.26,Ravel Sonata Op.26,4
Preliminary,Preliminary,Barber,Five Bagatelles: V.,Barber Five Bagatelles: V.,4
Preliminary,Preliminary,Vine,"Sonata in F Minor Op.57 ""Appassionata""","Vine Sonata in F Minor Op.57 ""Appassionata""",4
Preliminary,Preliminary,Beethoven,Sonata No.5 in F-sharp Major Op.53,Beethoven Sonata No.5 in F-sharp Major Op.53,4
Preliminary,Preliminary,Scriabin,Après une lecture de Dante (Fantasia quasi Sonata),Scriabin Après une lecture de Dante (Fantasia quasi Sonata),4
Preliminary,Preliminary,Liszt,Chromatic Fantasy and Fugue BWV 903,Liszt Chromatic Fantasy and Fugue BWV 903,4
Preliminary Phase 1,Preliminary,Bach,Sonata in E-flat Major Op.31 No.3,Bach Sonata in E-flat Major Op.31 No.3,4
Preliminary Phase 1,Preliminary,Beethoven,Polonaise-Fantasy in A-flat Major Op.61,Beethoven Polonaise-Fantasy in A-flat Major Op.61,4
Preliminary Phase 1,Preliminary,Chopin,Etude in A Minor Op.25 No.11,Chopin Etude in A Minor Op.25 No.11,4
Preliminary Phase 1,Preliminary,Chopin,Etude Pour les notes répétées,Chopin Etude Pour les notes répétées,4
Preliminary Phase 1,Preliminary,Debussy,Toccata in D Minor BWV 913,Debussy Toccata in D Minor BWV 913,4
Preliminary Phase 1,Preliminary,Bach,Sonata in F Major Hob.XVI:23,Bach Sonata in F Major Hob.XVI:23,4
Preliminary Phase 1,Preliminary,Haydn,Ballade No.1 in G Minor Op.23,Haydn Ballade No.1 in G Minor Op.23,4
Preliminary Phase 1,Preliminary,Chopin,Etude in A Minor Op.10 No.2,Chopin Etude in A Minor Op.10 No.2,4
Preliminary Phase 1,Preliminary,Chopin,Transcendental Etude No.8,Chopin Transcendental Etude No.8,4
Preliminary Phase 1,Preliminary,Liszt,Sonata in B-flat Major K.570,Liszt Sonata in B-flat Major K.570,4
Preliminary Phase 2,Preliminary,Mozart,Sonata in C Minor Op.111,Mozart Sonata in C Minor Op.111,4
Preliminary Phase 2,Preliminary,Beethoven,Davidsbündlertänze Op.6,Beethoven Davidsbündlertänze Op.6,4
Preliminary Phase 2,Preliminary,Schumann,Images Book II,Schumann Images Book II,4
Preliminary Phase 2,Preliminary,Debussy,Sonata in F Major K.332,Debussy Sonata in F Major K.332,4
Preliminary Phase 2,Preliminary,Mozart,Sonata No.2 in B-flat Minor Op.36,Mozart Sonata No.2 in B-flat Minor Op.36,4
Preliminary Phase 2,Preliminary,Rachmaninoff,Trois Mouvements de Pétrouchka,Rachmaninoff Trois Mouvements de Pétrouchka,4
Preliminary Phase 2,Preliminary,Stravinsky,Fantasia on an Ostinato,Stravinsky Fantasia on an Ostinato,4
Recital Program,Recital Program,Corigliano,Bunte Blätter Op.99 Nos.2-6,Corigliano Bunte Blätter Op.99 Nos.2-6,4
Recital Program,Recital Program,Schumann,Sonata No.6 in A Major Op.82,Schumann Sonata No.6 in A Major Op.82,4
Recital Program,Recital Program,Prokofiev,Four Pieces for Piano Op.2,Prokofiev Four Pieces for Piano Op.2,4
Semifinal,Semifinal,Prokofiev,Variations on a Theme by Chopin Op.22,Prokofiev Variations on a Theme by Chopin Op.22,4
Semifinal,Semifinal,Rachmaninoff,Paganini Variations Op.35 Book 1,Rachmaninoff Paganini Variations Op.35 Book 1,4
Semifinal,Semifinal,Brahms,Sonata in F Minor Op.5,Brahms Sonata in F Minor Op.5,4
Semifinal,Semifinal,Medtner,Piano Concerto No.24 in C Minor K.491,Medtner Piano Concerto No.24 in C Minor K.491,4
Semifinal,Semifinal,Mozart,Gaspard de la Nuit,Mozart Gaspard de la Nuit,4
Semifinal,Semifinal,Ravel,Sonata in D Major Op.10 No.3,Ravel Sonata in D Major Op.10 No.3,4
Semifinal,Semifinal,Beethoven,Ballade No.4 in F Minor Op.52,Beethoven Ballade No.4 in F Minor Op.52,4
Semifinal,Semifinal,Chopin,Sonata No.6 in A Major Op.82,Chopin Sonata No.6 in A Major Op.82,4
Semifinal,Semifinal,Prokofiev,Piano Concerto No.25 in C Major K.503,Prokofiev Piano Concerto No.25 in C Major K.503,4
Semifinal,Semifinal,Mozart,Variations in F Minor Hob.XVII:6,Mozart Variations in F Minor Hob.XVII:6,4
Semifinal Recital,Semifinal,Haydn,Sonata No.2 in B-flat Minor Op.36,Haydn Sonata No.2 in B-flat Minor Op.36,4
Semifinal Recital,Semifinal,Rachmaninoff,Ghost Waltzes for Piano,Rachmaninoff Ghost Waltzes for Piano,4
Semifinal Recital,Semifinal,Gould,Sonata in B Minor,Gould Sonata in B Minor,4
Semifinal Recital,Semifinal,Liszt,Spanish Rhapsody,Liszt Spanish Rhapsody,4
Semifinals Recital,Semifinal,Liszt,Pictures at an Exhibition,Liszt Pictures at an Exhibition,4
Semifinals Recital,Semifinal,Mussorgsky,Chester: Variations for Piano,Mussorgsky Chester: Variations for Piano,4
Semifinals Recital,Semifinal,Schuman,Sonata in D Major Hob.XVI:42,Schuman Sonata in D Major Hob.XVI:42,4
Preliminary,Preliminary,Haydn,Marche funèbre from Six Pieces on a Single Theme,Haydn Marche funèbre from Six Pieces on a Single Theme,1
Preliminary,Preliminary,Tchaikovsky,Etude in E Minor Op.25 No.5,Tchaikovsky Etude in E Minor Op.25 No.5,1
Preliminary,Preliminary,Chopin,Transcendental Etude No.5,Chopin Transcendental Etude No.5,1
Preliminary,Preliminary,Liszt,Prelude and Fugue in B-flat Minor BWV 891,Liszt Prelude and Fugue in B-flat Minor BWV 891,1
Preliminary,Preliminary,Bach,Prelude and Fugue in E-flat Major BWV 852,Bach Prelude and Fugue in E-flat Major BWV 852,1
Preliminary,Preliminary,Bach,Transcendental Etude No.12,Bach Transcendental Etude No.12,1
Preliminary,Preliminary,Liszt,Etude in F Major Op.10 No.8,Liszt Etude in F Major Op.10 No.8,1
Preliminary,Preliminary,Chopin,Meditation Op.72 No.5,Chopin Meditation Op.72 No.5,1
Preliminary,Preliminary,Tchaikovsky,Etude-Tableau in D Major Op.39 No.9,Tchaikovsky Etude-Tableau in D Major Op.39 No.9,1
Preliminary,Preliminary,Rachmaninoff,Prelude and Fugue in C-sharp Major BWV 848,Rachmaninoff Prelude and Fugue in C-sharp Major BWV 848,1
Preliminary,Preliminary,Bach,Etude-Tableau in D Major Op.39 No.9,Bach Etude-Tableau in D Major Op.39 No.9,1
Preliminary,Preliminary,Rachmaninoff,Transcendental Etude No.8,Rachmaninoff Transcendental Etude No.8,1
Preliminary,Preliminary,Liszt,Etude in B Minor Op.25 No.10,Liszt Etude in B Minor Op.25 No.10,1
Preliminary,Preliminary,Chopin,Chant elegiaque Op.72 No.14,Chopin Chant elegiaque Op.72 No.14,1
Preliminary,Preliminary,Tchaikovsky,Scène dansante. Invitation au trepak Op.72 No.18,Tchaikovsky Scène dansante. Invitation au trepak Op.72 No.18,1
Preliminary,Preliminary,Tchaikovsky,"Sonata in E-flat Major Op.81a ""Les Adieux""","Tchaikovsky Sonata in E-flat Major Op.81a ""Les Adieux""",1
Preliminary,Preliminary,Beethoven,Etude-Tableau in A Minor Op.39 No.6,Beethoven Etude-Tableau in A Minor Op.39 No.6,1
Preliminary,Preliminary,Rachmaninoff,Liebesleid,Rachmaninoff Liebesleid,1
Preliminary,Preliminary,Kreisler/Rachmaninoff,Etude in C-sharp Minor Op.10 No.4,Kreisler/Rachmaninoff Etude in C-sharp Minor Op.10 No.4,1
Preliminary,Preliminary,Chopin,Prelude and Fugue in B-flat Minor BWV 891,Chopin Prelude and Fugue in B-flat Minor BWV 891,1
Preliminary,Preliminary,Bach,Sonata in A-flat Major Op.110,Bach Sonata in A-flat Major Op.110,1
Preliminary,Preliminary,Beethoven,Sonata in B Minor,Beethoven Sonata in B Minor,1
Semifinal,Semifinal,Liszt,Sonata No.8 in B-flat Major Op.84,Liszt Sonata No.8 in B-flat Major Op.84,1
Semifinal,Semifinal,Prokofiev,Fugue from Six Pieces on a Single Theme,Prokofiev Fugue from Six Pieces on a Single Theme,1
Semifinal,Semifinal,Tchaikovsky,Rhapsody in B Minor Op.79 No.1,Tchaikovsky Rhapsody in B Minor Op.79 No.1,1
Semifinal,Semifinal,Brahms,Sonata No.2 in F-sharp Minor Op.2,Brahms Sonata No.2 in F-sharp Minor Op.2,1
Semifinal,Semifinal,Brahms,Firebird Suite,Brahms Firebird Suite,1
Semifinal,Semifinal,Stravinsky-Agosti,Nocturne No.6 in D-flat Minor Op.63,Stravinsky-Agosti Nocturne No.6 in D-flat Minor Op.63,1
Semifinal,Semifinal,Faure,Sonata in C Major Hob.XVI:48,Faure Sonata in C Major Hob.XVI:48,1
Semifinal,Semifinal,Haydn,Piano Concerto No.20 in D Minor K.466,Haydn Piano Concerto No.20 in D Minor K.466,1
Semifinal,Semifinal,Mozart,Totentanz,Mozart Totentanz,1
Semifinal,Semifinal,Liszt,Scherzo from A Midsummer Night's Dream,Liszt Scherzo from A Midsummer Night's Dream,1
Semifinal,Semifinal,Mendelssohn – Rachmaninoff,Variations on a Theme of Corelli Op.42,Mendelssohn – Rachmaninoff Variations on a Theme of Corelli Op.42,1
Semifinal,Semifinal,Rachmaninoff,Danse macabre,Rachmaninoff Danse macabre,1
Semifinal,Semifinal,Saint-Saëns/Liszt-Horowitz,Resolve,Saint-Saëns/Liszt-Horowitz Resolve,1
Semifinal,Semifinal,Vine,Sonata No.3 Op.82,Vine Sonata No.3 Op.82,1
Semifinal,Semifinal,Liebermann,Les jeux d'eaux à la Villa d'Este,Liebermann Les jeux d'eaux à la Villa d'Este,1
Semifinal,Semifinal,Liszt,Sonata No.2 in B-flat Minor Op.36,Liszt Sonata No.2 in B-flat Minor Op.36,1
Semifinal,Semifinal,Rachmaninoff,Transcendental Etude No.2,Rachmaninoff Transcendental Etude No.2,1
Preliminary,Preliminary,Liszt,Etude in C-sharp Minor Op.10 No.4,Liszt Etude in C-sharp Minor Op.10 No.4,2
Preliminary,Preliminary,Chopin,"Sonata in F Minor Op.57 ""Appassionata""","Chopin Sonata in F Minor Op.57 ""Appassionata""",2
Preliminary,Preliminary,Beethoven,Etude-Tableau in D Major Op.39 No.9,Beethoven Etude-Tableau in D Major Op.39 No.9,2
Preliminary,Preliminary,Rachmaninoff,Prelude and Fugue in F Major BWV 880,Rachmaninoff Prelude and Fugue in F Major BWV 880,2
Preliminary,Preliminary,Bach,Valse sentimentale Op.51 No.6,Bach Valse sentimentale Op.51 No.6,2
Preliminary,Preliminary,Tchaikovsky,Sonata in E-flat Major Op.31 No.3,Tchaikovsky Sonata in E-flat Major Op.31 No.3,2
Preliminary,Preliminary,Beethoven,Nocturne Op.19 No.4,Beethoven Nocturne Op.19 No.4,2
Preliminary,Preliminary,Tchaikovsky,Transcendental Etude No.5,Tchaikovsky Transcendental Etude No.5,2
Preliminary,Preliminary,Liszt,Prelude and Fugue in C Minor BWV 847,Liszt Prelude and Fugue in C Minor BWV 847,2
Preliminary,Preliminary,Bach,Etude-Tableau in A Minor Op.39 No.6,Bach Etude-Tableau in A Minor Op.39 No.6,2
Preliminary,Preliminary,Rachmaninoff,Etude in F Major Op.10 No.8,Rachmaninoff Etude in F Major Op.10 No.8,2
Preliminary,Preliminary,Chopin,Prelude and Fugue in C Major BWV 870,Chopin Prelude and Fugue in C Major BWV 870,2
Preliminary,Preliminary,Bach,Etude-Tableau in F-sharp Minor Op.39 No.3,Bach Etude-Tableau in F-sharp Minor Op.39 No.3,2
Preliminary,Preliminary,Rachaminoff,Etude in B Minor Op.25 No.10,Rachaminoff Etude in B Minor Op.25 No.10,2
Preliminary,Preliminary,Chopin,Tendres reproches Op.72 No.3,Chopin Tendres reproches Op.72 No.3,2
Preliminary,Preliminary,Tchaikovsky,Paganini Etude No.6 in A Minor,Tchaikovsky Paganini Etude No.6 in A Minor,2
Preliminary,Preliminary,Liszt,Scherzo a la Russe Op.1 No.1,Liszt Scherzo a la Russe Op.1 No.1,2
Preliminary,Preliminary,Tchaikovsky,"Sonata in F Minor Op.57 ""Appassionata""","Tchaikovsky Sonata in F Minor Op.57 ""Appassionata""",2
Preliminary,Preliminary,Beethoven,Transcendental Etude No.10,Beethoven Transcendental Etude No.10,2
Preliminary,Preliminary,Liszt,Etude-Tableau in E-flat Minor Op.39 No.5,Liszt Etude-Tableau in E-flat Minor Op.39 No.5,2
Preliminary,Preliminary,Rachmaninoff,Etude in A Minor Op.25 No.11,Rachmaninoff Etude in A Minor Op.25 No.11,2
Preliminary,Preliminary,Chopin,Sonata in C Major K.330,Chopin Sonata in C Major K.330,2
Preliminary,Preliminary,Mozart,Prelude and Fugue in A Minor BWV 865,Mozart Prelude and Fugue in A Minor BWV 865,2
Preliminary,Preliminary,Bach,Dumka Op.59,Bach Dumka Op.59,2
Preliminary,Preliminary,Tchaikovsky,Scherzo a la Russe Op.1 No.1,Tchaikovsky Scherzo a la Russe Op.1 No.1,2
Preliminary,Preliminary,Tchaikovsky,Etude in C-sharp Minor Op.10 No.4,Tchaikovsky Etude in C-sharp Minor Op.10 No.4,2
Preliminary,Preliminary,Chopin,Etude-Tableau in D Minor Op.39 No.8,Chopin Etude-Tableau in D Minor Op.39 No.8,2
Preliminary,Preliminary,Rachmaninoff,Prelude and Fugue in G Major BWV 860,Rachmaninoff Prelude and Fugue in G Major BWV 860,2
Preliminary,Preliminary,Bach,"Sonata in C Major Op.53 ""Waldstein""","Bach Sonata in C Major Op.53 ""Waldstein""",2
Preliminary,Preliminary,Beethoven,La Campanella,Beethoven La Campanella,2
Preliminary,Preliminary,Liszt,La Campanella,Liszt La Campanella,2
Preliminary,Preliminary,Liszt,Theme and Variations in F Major Op.19 No.6,Liszt Theme and Variations in F Major Op.19 No.6,2
Preliminary,Preliminary,Tchaikovsky,Sonata in C Minor Op.111,Tchaikovsky Sonata in C Minor Op.111,2
Preliminary,Preliminary,Beethoven,Prelude and Fugue in G Minor BWV 885,Beethoven Prelude and Fugue in G Minor BWV 885,2
Preliminary,Preliminary,Bach,Etude in A Minor Op.10 No.2,Bach Etude in A Minor Op.10 No.2,2
Preliminary,Preliminary,Chopin,Etude-Tableau in E-flat Minor Op.33 No.6,Chopin Etude-Tableau in E-flat Minor Op.33 No.6,2
Preliminary,Preliminary,Rachmaninoff,Sonata in C Major Op.2 No.3,Rachmaninoff Sonata in C Major Op.2 No.3,2
Preliminary,Preliminary,Beethoven,Transcendental Etude No.8,Beethoven Transcendental Etude No.8,2
Preliminary,Preliminary,Liszt,Etude in A Minor Op.10 No.2,Liszt Etude in A Minor Op.10 No.2,2
Preliminary,Preliminary,Chopin,Etude-Tableau in C Major Op.33 No.2,Chopin Etude-Tableau in C Major Op.33 No.2,2
Preliminary,Preliminary,Rachmaninoff,Prelude and Fugue in A Minor BWV 889,Rachmaninoff Prelude and Fugue in A Minor BWV 889,2
Preliminary,Preliminary,Bach,Romance in F Minor Op.5,Bach Romance in F Minor Op.5,2
Preliminary,Preliminary,Tchaikovsky,Scherzo Humoresque Op.19 No.2,Tchaikovsky Scherzo Humoresque Op.19 No.2,2
Preliminary,Preliminary,Tchaikovsky,Prelude and Fugue in B Minor BWV 893,Tchaikovsky Prelude and Fugue in B Minor BWV 893,2
Preliminary,Preliminary,Bach,Etude Pour les Octaves,Bach Etude Pour les Octaves,2
Preliminary,Preliminary,Debussy,Etude-Tableau in D Major Op.39 No.9,Debussy Etude-Tableau in D Major Op.39 No.9,2
Preliminary,Preliminary,Rachmaninoff,Sonata in B Minor Hob.XVI:32,Rachmaninoff Sonata in B Minor Hob.XVI:32,2
Preliminary,Preliminary,Haydn,Polichinelle Op.3 No.4,Haydn Polichinelle Op.3 No.4,2
Preliminary,Preliminary,Rachmaninoff,Dumka Op.59,Rachmaninoff Dumka Op.59,2
Semifinal,Semifinal,Tchaikovsky,Sonata in B Minor,Tchaikovsky Sonata in B Minor,2
Semifinal,Semifinal,Liszt,Goyescas: Quejas de la maja y el ruiseñor,Liszt Goyescas: Quejas de la maja y el ruiseñor,2
Semifinal,Semifinal,Granados,Trois Mouvements de Pétrouchka,Granados Trois Mouvements de Pétrouchka,2
Semifinal,Semifinal,Stravinsky,Une Barque sur l'ocean from Miroirs,Stravinsky Une Barque sur l'ocean from Miroirs,2
Semifinal,Semifinal,Ravel,Meditation Op.72 No.5,Ravel Meditation Op.72 No.5,2
Semifinal,Semifinal,Tchaikovsky,Trois Mouvements de Pétrouchka,Tchaikovsky Trois Mouvements de Pétrouchka,2
Semifinal,Semifinal,Stravinsky,"Fantasie in C Major Op.15 ""Wanderer""","Stravinsky Fantasie in C Major Op.15 ""Wanderer""",2
Semifinal,Semifinal,Schubert,Sonata No.6 in A Major Op.82,Schubert Sonata No.6 in A Major Op.82,2
Semifinal,Semifinal,Prokofiev,Sonata No.4 in F-sharp Major Op.30,Prokofiev Sonata No.4 in F-sharp Major Op.30,2
Semifinal,Semifinal,Scriabin,Valse in A-flat Major Op.38,Scriabin Valse in A-flat Major Op.38,2
Semifinal,Semifinal,Scriabin,Three Etudes Op.65,Scriabin Three Etudes Op.65,2
Semifinal,Semifinal,Scriabin,Nocturne in F Major Op.10 No.1,Scriabin Nocturne in F Major Op.10 No.1,2
Semifinal,Semifinal,Tchaikovsky,Impromptu Op.72 No.1,Tchaikovsky Impromptu Op.72 No.1,2
Semifinal,Semifinal,Tchaikovsky,Sonata No.3 in B Minor Op.58,Tchaikovsky Sonata No.3 in B Minor Op.58,2
Semifinal,Semifinal,Chopin,"Sonata No.2 in G-sharp Minor Op.19 (""Sonata-Fantasy"")","Chopin Sonata No.2 in G-sharp Minor Op.19 (""Sonata-Fantasy"")",2
Semifinal,Semifinal,Scriabin,Sonata No.7 in B-flat Major Op.83,Scriabin Sonata No.7 in B-flat Major Op.83,2
Semifinal,Semifinal,Prokofiev,4 Etudes Op.2,Prokofiev 4 Etudes Op.2,2
Semifinal,Semifinal,Prokofiev,Sonata No.2 in B-flat Minor Op.36,Prokofiev Sonata No.2 in B-flat Minor Op.36,2
Semifinal,Semifinal,Rachmaninoff,Scherzo No.2 in B-flat Minor Op.31,Rachmaninoff Scherzo No.2 in B-flat Minor Op.31,2
Semifinal,Semifinal,Chopin,3 Mazurkas Op.59,Chopin 3 Mazurkas Op.59,2
Semifinal,Semifinal,Chopin,Canzona-Serenata from 'Forgotten Melodies' Op.38,Chopin Canzona-Serenata from 'Forgotten Melodies' Op.38,2
Semifinal,Semifinal,Medtner,Valse de salon Op.51 No.1,Medtner Valse de salon Op.51 No.1,2
Semifinal,Semifinal,Tchaikovsky,Meditation Op.72 No.5,Tchaikovsky Meditation Op.72 No.5,2
Semifinal,Semifinal,Tchaikovsky,Hungarian Rhapsody No.2,Tchaikovsky Hungarian Rhapsody No.2,2
Semifinal,Semifinal,Liszt,Variations on a Theme of Corelli Op.42,Liszt Variations on a Theme of Corelli Op.42,2
Semifinal,Semifinal,Rachmaninoff,"Variations on ""La ci darem la mano"" Op.2","Rachmaninoff Variations on ""La ci darem la mano"" Op.2",2
Semifinal,Semifinal,Chopin,Piano Concerto No.23 in A Major K.488,Chopin Piano Concerto No.23 in A Major K.488,2
Semifinal,Semifinal,Mozart,Etude in E Major Op.10 No.3,Mozart Etude in E Major Op.10 No.3,2
Semifinal,Semifinal,Chopin,Etude in C-sharp Minor Op.10 No.4,Chopin Etude in C-sharp Minor Op.10 No.4,2
Semifinal,Semifinal,Chopin,Etude in G-flat Major Op.10 No.5,Chopin Etude in G-flat Major Op.10 No.5,2
Semifinal,Semifinal,Chopin,Etude in E-flat Minor Op.10 No.6,Chopin Etude in E-flat Minor Op.10 No.6,2
Semifinal,Semifinal,Chopin,Piano Concerto No.20 in D Minor K.466,Chopin Piano Concerto No.20 in D Minor K.466,2
Semifinal,Semifinal,Mozart,Sonata No.1 in C Major Op.1,Mozart Sonata No.1 in C Major Op.1,2
Semifinal,Semifinal,Brahms,Sonata No.7 in B-flat Major Op.83,Brahms Sonata No.7 in B-flat Major Op.83,2
Semifinal,Semifinal,Prokofiev,Sonata in E Minor Op.90,Prokofiev Sonata in E Minor Op.90,2
Semifinal,Semifinal,Beethoven,Sonata No.5 in F-sharp Major Op.53,Beethoven Sonata No.5 in F-sharp Major Op.53,2
Semifinal,Semifinal,Scriabin,Sonata No.8 in B-flat Major Op.84,Scriabin Sonata No.8 in B-flat Major Op.84,2
Semifinal,Semifinal,Prokofiev,Resolve,Prokofiev Resolve,2
Semifinal,Semifinal,Vine,Prelude and Fugue in E Minor BWV 879,Vine Prelude and Fugue in E Minor BWV 879,2
Preliminary,Preliminary,Bach,Etude in A Minor Op.25 No.11,Bach Etude in A Minor Op.25 No.11,3
Preliminary,Preliminary,Chopin,Etude-Tableau in B Minor Op.39 No.4,Chopin Etude-Tableau in B Minor Op.39 No.4,3
Preliminary,Preliminary,Rachmaninoff,Sonata in E Major Op.109,Rachmaninoff Sonata in E Major Op.109,3
Preliminary,Preliminary,Beethoven,Theme and Variations in F Major Op.19 No.6,Beethoven Theme and Variations in F Major Op.19 No.6,3
Preliminary,Preliminary,Tchaikovsky,Paganini Etude No.6 in A Minor,Tchaikovsky Paganini Etude No.6 in A Minor,3
Preliminary,Preliminary,Liszt,Etude-Tableau in D Minor Op.33 No.4,Liszt Etude-Tableau in D Minor Op.33 No.4,3
Preliminary,Preliminary,Rachmaninoff,Etude in A-flat Major Op.10 No.10,Rachmaninoff Etude in A-flat Major Op.10 No.10,3
Preliminary,Preliminary,Chopin,Sonata in E-flat Major Hob.XVI:45,Chopin Sonata in E-flat Major Hob.XVI:45,3
Preliminary,Preliminary,Haydn,Prelude and Fugue in A-flat Major BWV 886,Haydn Prelude and Fugue in A-flat Major BWV 886,3
Preliminary,Preliminary,Bach,Transcendental Etude No.4,Bach Transcendental Etude No.4,3
Preliminary,Preliminary,Liszt,Five pieces from Concert Suite from The Sleeping Beauty: Prologue / Dance of Pages / Vision / Fairy of Silver / Adagio,Liszt Five pieces from Concert Suite from The Sleeping Beauty: Prologue / Dance of Pages / Vision / Fairy of Silver / Adagio,3
Preliminary,Preliminary,Tchaikovsky-Pletnev,Sonata in A-flat Major Op.110,Tchaikovsky-Pletnev Sonata in A-flat Major Op.110,3
Preliminary,Preliminary,Beethoven,Dumka Op.59,Beethoven Dumka Op.59,3
Preliminary,Preliminary,Tchaikovsky,Etude in E Minor Op.25 No.5,Tchaikovsky Etude in E Minor Op.25 No.5,3
Preliminary,Preliminary,Chopin,Etude-Tableau in D Minor Op.39 No.8,Chopin Etude-Tableau in D Minor Op.39 No.8,3
Preliminary,Preliminary,Rachmaninoff,Prelude and Fugue in A-flat Major BWV 862,Rachmaninoff Prelude and Fugue in A-flat Major BWV 862,3
Preliminary,Preliminary,Bach,Transcendental Etude No.8,Bach Transcendental Etude No.8,3
Preliminary,Preliminary,Liszt,"Sonata in F Minor Op.57 ""Appassionata""","Liszt Sonata in F Minor Op.57 ""Appassionata""",3
Preliminary,Preliminary,Beethoven,October,Beethoven October,3
Preliminary,Preliminary,Tchaikovsky,Etude in C Major Op.10 No.1,Tchaikovsky Etude in C Major Op.10 No.1,3
Preliminary,Preliminary,Chopin,Etude-Tableau in C Major Op.33 No.2,Chopin Etude-Tableau in C Major Op.33 No.2,3
Preliminary,Preliminary,Rachmaninoff,Transcendental Etude No.10,Rachmaninoff Transcendental Etude No.10,3
Preliminary,Preliminary,Liszt,Prelude and Fugue in B-flat Minor BWV 867,Liszt Prelude and Fugue in B-flat Minor BWV 867,3
Preliminary,Preliminary,Bach,Prelude and Fugue in C-sharp Minor BWV 873,Bach Prelude and Fugue in C-sharp Minor BWV 873,3
Preliminary,Preliminary,Bach,Sonata in D Major Hob.XVI:24,Bach Sonata in D Major Hob.XVI:24,3
Preliminary,Preliminary,Haydn,Romance in F Minor Op.5,Haydn Romance in F Minor Op.5,3
Preliminary,Preliminary,Tchaikovsky,Danse caractéristique Op.72 No.4,Tchaikovsky Danse caractéristique Op.72 No.4,3
Preliminary,Preliminary,Tchaikovsky,Nocturne Op.19 No.4,Tchaikovsky Nocturne Op.19 No.4,3
Preliminary,Preliminary,Tchaikovsky,Etude in A Minor Op.10 No.2,Tchaikovsky Etude in A Minor Op.10 No.2,3
Preliminary,Preliminary,Chopin,La Campanella,Chopin La Campanella,3
Preliminary,Preliminary,Liszt,Etude-Tableau in A Minor Op.39 No.6,Liszt Etude-Tableau in A Minor Op.39 No.6,3
Preliminary,Preliminary,Rachmaninoff,Etude in G-sharp Minor Op.25 No.6,Rachmaninoff Etude in G-sharp Minor Op.25 No.6,3
Preliminary,Preliminary,Chopin,Transcendental Etude No.10,Chopin Transcendental Etude No.10,3
Preliminary,Preliminary,Liszt,Meditation Op.72 No.5,Liszt Meditation Op.72 No.5,3
Preliminary,Preliminary,Tchaikovsky,"Sonata in F Minor Op.57 ""Appassionata""","Tchaikovsky Sonata in F Minor Op.57 ""Appassionata""",3
Preliminary,Preliminary,Beethoven,Prelude and Fugue in B-flat Minor BWV 891,Beethoven Prelude and Fugue in B-flat Minor BWV 891,3
Preliminary,Preliminary,Bach,Etude-Tableau in D Major Op.39 No.9,Bach Etude-Tableau in D Major Op.39 No.9,3
Preliminary,Preliminary,Rachmaninoff,Echo rustique Op.72 No.14,Rachmaninoff Echo rustique Op.72 No.14,3
Preliminary,Preliminary,Tchaikovsky,Sonata in E Major Op.109,Tchaikovsky Sonata in E Major Op.109,3
Preliminary,Preliminary,Beethoven,Etude in F Major Op.10 No.8,Beethoven Etude in F Major Op.10 No.8,3
Preliminary,Preliminary,Chopin,Prelude and Fugue in B Major BWV 892,Chopin Prelude and Fugue in B Major BWV 892,3
Preliminary,Preliminary,Bach,Transcendental Etude No.12,Bach Transcendental Etude No.12,3
Preliminary,Preliminary,Liszt,Etude-Tableau in A Minor Op.39 No.6,Liszt Etude-Tableau in A Minor Op.39 No.6,3
Preliminary,Preliminary,Rachmaninoff,Prelude and Fugue in A-flat Major BWV 862,Rachmaninoff Prelude and Fugue in A-flat Major BWV 862,3
Preliminary,Preliminary,Bach,Etude in C-sharp Minor Op.10 No.4,Bach Etude in C-sharp Minor Op.10 No.4,3
Preliminary,Preliminary,Chopin,12 Etudes Op.8,Chopin 12 Etudes Op.8,3
Preliminary,Preliminary,Scriabin,Sonata in A-flat Major Op.26,Scriabin Sonata in A-flat Major Op.26,3
Preliminary,Preliminary,Beethoven,Prelude in G Minor Op.23 No.5,Beethoven Prelude in G Minor Op.23 No.5,3
Preliminary,Preliminary,Rachmaninoff,Three Romances Op.28,Rachmaninoff Three Romances Op.28,3
Semifinal,Semifinal,Schumann,Danse macabre,Schumann Danse macabre,3
Semifinal,Semifinal,Saint-Saëns/Liszt-Horowitz,Echo rustique Op.72 No.13,Saint-Saëns/Liszt-Horowitz Echo rustique Op.72 No.13,3
Semifinal,Semifinal,Tchaikovsky,Chant elegiaque Op.72 No.14,Tchaikovsky Chant elegiaque Op.72 No.14,3
Semifinal,Semifinal,Tchaikovsky,Sonata No.2 in B-flat Minor Op.36,Tchaikovsky Sonata No.2 in B-flat Minor Op.36,3
Semifinal,Semifinal,Rachmaninoff,Variations on a Theme of Paganini Book II,Rachmaninoff Variations on a Theme of Paganini Book II,3
Semifinal,Semifinal,Brahms,La Valse,Brahms La Valse,3
Semifinal,Semifinal,Ravel,Chant elegiaque Op.72 No.14,Ravel Chant elegiaque Op.72 No.14,3
Semifinal,Semifinal,Tchaikovsky,Sonata No.6 in A Major Op.82,Tchaikovsky Sonata No.6 in A Major Op.82,3
Semifinal,Semifinal,Prokofiev,Sonata Op.26,Prokofiev Sonata Op.26,3
Semifinal,Semifinal,Barber,Sonata in E Minor Op.25 No.2,Barber Sonata in E Minor Op.25 No.2,3
Semifinal,Semifinal,Medtner,Toccata in C Minor BWV 911,Medtner Toccata in C Minor BWV 911,3
Semifinal,Semifinal,Bach,Prelude No.1 in C Major,Bach Prelude No.1 in C Major,3
Semifinal,Semifinal,Scriabin,Prelude No.2 in A Minor,Scriabin Prelude No.2 in A Minor,3
Semifinal,Semifinal,Scriabin,Prelude No.6 in B Minor,Scriabin Prelude No.6 in B Minor,3
Semifinal,Semifinal,Scriabin,Prelude No.8 in F-sharp Minor,Scriabin Prelude No.8 in F-sharp Minor,3
Semifinal,Semifinal,Scriabin,Prelude No.8 in F-sharp Minor,Scriabin Prelude No.8 in F-sharp Minor,3
Semifinal,Semifinal,Scriabin,Prelude No.11 in B Major,Scriabin Prelude No.11 in B Major,3
Semifinal,Semifinal,Scriabin,Prelude No.12 in E-flat Minor,Scriabin Prelude No.12 in E-flat Minor,3
Semifinal,Semifinal,Scriabin,Prelude No.14 in E-flat Minor,Scriabin Prelude No.14 in E-flat Minor,3
Semifinal,Semifinal,Rachmaninoff,Etude-tableau in C Minor Op.33 No.3,Rachmaninoff Etude-tableau in C Minor Op.33 No.3,3
Semifinal,Semifinal,Prokofiev,4 Etudes Op.2,Prokofiev 4 Etudes Op.2,3
Semifinal,Semifinal,Liszt,Sonata in B Minor,Liszt Sonata in B Minor,3
Semifinal,Semifinal,Tchaikovsky,Chant elegiaque Op.72 No.14,Tchaikovsky Chant elegiaque Op.72 No.14,3
Semifinal,Semifinal,Tchaikovsky-Feinberg,"Scherzo from Symphony No.6 ""Pathetique""","Tchaikovsky-Feinberg Scherzo from Symphony No.6 ""Pathetique""",3
Semifinal,Semifinal,Barber,Sonata Op.26,Barber Sonata Op.26,3
Semifinal,Semifinal,Rachmaninoff,Variations on a Theme of Corelli Op.42,Rachmaninoff Variations on a Theme of Corelli Op.42,3
Semifinal,Semifinal,Rachmaninoff,Sonata No.2 in B-flat Minor Op.36,Rachmaninoff Sonata No.2 in B-flat Minor Op.36,3
Semifinal,Semifinal,Rachmaninoff,Prelude in G-flat major Op.23 No.10,Rachmaninoff Prelude in G-flat major Op.23 No.10,3
Semifinal,Semifinal,Liszt,Hungarian Rhapsody No.12,Liszt Hungarian Rhapsody No.12,3
Semifinal,Semifinal,Liszt,Petrarch Sonnet No.123,Liszt Petrarch Sonnet No.123,3
Semifinal,Semifinal,Bach-Busoni,Chaconne in D Minor,Bach-Busoni Chaconne in D Minor,3
Semifinal,Semifinal,Mozart,Piano Concerto No.9 in E-flat Major K.271,Mozart Piano Concerto No.9 in E-flat Major K.271,3
Semifinal,Semifinal,Schubert-Liszt,Aufenthalt,Schubert-Liszt Aufenthalt,3
Semifinal,Semifinal,Schubert-Liszt,Liebesbotschaft ,Schubert-Liszt Liebesbotschaft ,3
Semifinal,Semifinal,Schubert-Liszt,Der Müller und der Bach ,Schubert-Liszt Der Müller und der Bach ,3
Semifinal,Semifinal,Schubert-Liszt,Erlkönig,Schubert-Liszt Erlkönig,3
Semifinal,Semifinal,Prokofiev,Sonata No.8 in B-flat Major Op.84,Prokofiev Sonata No.8 in B-flat Major Op.84,3
Semifinal,Semifinal,Bach,Toccata in C Minor BWV 911,Bach Toccata in C Minor BWV 911,3
Semifinal,Semifinal,Mozart,Piano Concerto No.12 in A major K.414,Mozart Piano Concerto No.12 in A major K.414,3
Semifinal,Semifinal,Scriabin,Etude in C-sharp Minor Op.42 No.5,Scriabin Etude in C-sharp Minor Op.42 No.5,3
Semifinal,Semifinal,Vine,Resolve,Vine Resolve,3
Semifinal,Semifinal,Paderewski,Nocturne in B-flat Major Op.16 No.4,Paderewski Nocturne in B-flat Major Op.16 No.4,3
Semifinal,Semifinal,Barber,Sonata Op.26,Barber Sonata Op.26,3
Preliminary,Preliminary,Bach,Prelude and Fugue in G Minor BWV 885,Bach Prelude and Fugue in G Minor BWV 885,4
Preliminary,Preliminary,Liszt,Concert Etude No.2 in F Minor,Liszt Concert Etude No.2 in F Minor,4
Preliminary,Preliminary,Chopin,Etude in A Minor Op.25 No.11,Chopin Etude in A Minor Op.25 No.11,4
Preliminary,Preliminary,Rachaminoff,Etude-Tableau in E-flat Minor Op.33 No.6,Rachaminoff Etude-Tableau in E-flat Minor Op.33 No.6,4
Preliminary,Preliminary,Tchaikovsky-Pletnev,Andante maestoso from the Nutcracker,Tchaikovsky-Pletnev Andante maestoso from the Nutcracker,4
Preliminary,Preliminary,Beethoven,"Sonata in C Major Op.53 ""Waldstein""","Beethoven Sonata in C Major Op.53 ""Waldstein""",4
Preliminary,Preliminary,Bach,Prelude and Fugue in C-sharp Minor BWV 873,Bach Prelude and Fugue in C-sharp Minor BWV 873,4
Preliminary,Preliminary,Rachmaninoff,Etude-Tableau in E-flat Minor Op.33 No.6,Rachmaninoff Etude-Tableau in E-flat Minor Op.33 No.6,4
Preliminary,Preliminary,Liszt,Transcendental Etude No.10,Liszt Transcendental Etude No.10,4
Preliminary,Preliminary,Chopin,Etude in A Minor Op.10 No.2,Chopin Etude in A Minor Op.10 No.2,4
Preliminary,Preliminary,Tchaikovsky,Dumka Op.59,Tchaikovsky Dumka Op.59,4
Preliminary,Preliminary,Beethoven,Sonata in A-flat Major Op.110,Beethoven Sonata in A-flat Major Op.110,4
Semifinal,Semifinal,Chopin,Andante Spianato and Grande Polonaise Brillante in E-flat Major Op.22,Chopin Andante Spianato and Grande Polonaise Brillante in E-flat Major Op.22,4
Semifinal,Semifinal,Tchaikovsky,Un poco di Chopin Op.72 No.15,Tchaikovsky Un poco di Chopin Op.72 No.15,4
Semifinal,Semifinal,Tchaikovsky,Invitation to the Trepak Op.72 No.18,Tchaikovsky Invitation to the Trepak Op.72 No.18,4
Semifinal,Semifinal,Schumann,Symphonic Etudes Op.13,Schumann Symphonic Etudes Op.13,4
Semifinal,Semifinal,Scriabin,Sonata No.5 in F-sharp Major Op.53,Scriabin Sonata No.5 in F-sharp Major Op.53,4
Semifinal,Semifinal,Vine,Sonata No.1,Vine Sonata No.1,4
Semifinal,Semifinal,Stravinsky,Trois Mouvements de Pétrouchka,Stravinsky Trois Mouvements de Pétrouchka,4
Semifinal,Semifinal,Mozart,12 Variations in B-Flat Major KV 500,Mozart 12 Variations in B-Flat Major KV 500,4
Semifinal,Semifinal,Tchaikovsky,Nocturne Op.19 No.4,Tchaikovsky Nocturne Op.19 No.4,4
Semifinal,Semifinal,Scriabin,"Sonata No.2 in G-sharp Minor Op.19 (""Sonata-Fantasy"")","Scriabin Sonata No.2 in G-sharp Minor Op.19 (""Sonata-Fantasy"")",4